id,nombre_titular,apellido_titular,número_cuenta,tipo_cuenta,saldo_actual,fecha_ultimo_movimiento,fecha_apertura,sucursal,ciudad_sucursal
1,Ulysses,Sawrey,123308825,ahorros,"$ 97,317.25",13/06/2025,16/10/2018,RICHMOND,Bauchi
2,Moise,Matus,053202130,ahorros,"$ 35,823.38",13/06/2020,29/04/2016,WALHALLA,Pasargunung
3,Nicol,Kerrane,101902298,ahorros,"$ 164,322.98",7/01/2020,22/04/2017,SIOUX FALLS,San Rafael Oriente
4,Barn,Sambell,083901744,ahorros,"$ 178,850.19",26/07/2022,6/09/2017,BIRMINGHAM,Victoria
5,Dianemarie,Deniseau,051409210,ahorros,"$ 109,913.38",24/09/2022,2/01/2016,ELIZABETH CITY,Qilin
6,Marcella,Everingham,091909217,ahorros,"$ 209,675.33",2/09/2020,11/06/2018,ROSEMOUNT,Viana
7,Kari,Jewess,042207308,ahorros,"$ 216,363.76",28/05/2022,9/04/2017,NEWARK,Caraballeda
8,Flin,Cocozza,061104877,ahorros,"$ 176,662.15",20/07/2024,16/08/2016,NORCROSS,Taimaman
9,Minnnie,Jeandon,084309125,corriente,"$ 12,575.97",1/06/2025,21/09/2016,PARIS,Sępopol
10,Reggie,Amyes,071909062,ahorros,"$ 115,394.38",9/02/2024,1/05/2017,ROSEMONT,Chernyanka
11,Leupold,Darragh,107005254,ahorros,"$ 129,166.04",8/06/2021,23/06/2016,LAKEWOOD,Xinhua
12,Dorine,Lambregts,122239322,corriente,"$ 84,049.53",3/05/2025,17/04/2016,CARLSBAD,Urasqui
13,Rita,Wraighte,075918295,ahorros,"$ 119,493.92",29/09/2020,26/01/2018,BOSOBEL,São José de Ribamar
14,Orren,Wilkie,107006431,corriente,"$ 110,643.28",13/02/2025,24/12/2016,LAKEWOOD,Bezhta
15,Emlyn,Gulliver,061309229,ahorros,"$ 212,455.81",7/09/2021,22/04/2016,NASHVILLE,Nangewer
16,Winifred,Collister,064201120,ahorros,"$ 90,310.91",9/12/2024,16/09/2018,ROSSVILLE,Khūgyāṉī
17,Erma,Leirmonth,065201064,ahorros,"$ 122,568.83",6/07/2023,10/10/2017,RICHMOND,Oklahoma City
18,Carolee,Heine,061103153,corriente,"$ 141,078.45",25/07/2021,21/02/2016,BUFORD,Varāmīn
19,Catina,Kirimaa,021213397,corriente,"$ 68,656.92",15/01/2021,13/07/2016,MONTEBELLO,Agrela
20,Berna,Gillman,053102117,ahorros,"$ 83,692.85",28/08/2023,12/12/2018,HERMITAGE,Otra Banda
21,Lida,Wivell,084303008,corriente,"$ 33,374.37",17/04/2023,1/10/2017,PARSONS,Calauan
22,Jacky,Kipping,031302803,corriente,"$ 208,272.21",21/04/2025,18/08/2016,ALBANY,Huangtan
23,Adi,Theakston,011001962,corriente,"$ 40,017.41",17/11/2021,30/07/2018,ROSEMEAD,Aksakovo
24,Hobard,Bosdet,111304064,corriente,"$ 50,735.41",23/02/2023,28/03/2018,KINGFISHER,Nantes
25,Netti,Chapleo,122187335,ahorros,"$ 55,998.74",15/05/2025,26/12/2018,RALEIGH,Tohautu
26,Mandie,Carlyon,122244731,corriente,"$ 159,988.47",2/02/2021,7/11/2016,MURRIETTA,Bojonggenteng
27,Jerald,Byer,074910854,corriente,"$ 71,557.08",17/07/2024,26/01/2017,LAGRANGE,Marićka
28,Anni,Bohman,064208194,corriente,"$ 192,323.85",22/06/2021,8/11/2017,RICHMOND,Parakanpanjang
29,Crosby,Gibard,091916048,ahorros,"$ 113,147.29",16/07/2024,26/10/2017,GLENCOE,Leceia
30,Charlena,Izakov,071920656,corriente,"$ 113,035.52",13/05/2022,20/08/2016,NAPERVILLE,Peukanbada
31,Abbe,Cattermole,067013700,ahorros,"$ 46,115.55",20/07/2022,21/02/2017,CINCINNATI,Lengkongbarang
32,Benita,Middas,084202769,corriente,"$ 24,824.18",6/01/2021,5/03/2018,TUPELO,Indianapolis
33,Minnie,Malbon,083904563,ahorros,"$ 35,304.31",13/08/2020,13/06/2016,JASPER,Cabra Figa
34,Fabiano,MacFadzan,053112068,ahorros,"$ 150,610.81",19/11/2021,24/01/2017,MIAMI,Petrodvorets
35,Walt,Fratson,261170546,corriente,"$ 123,991.57",18/08/2023,7/01/2018,PITTSBURGH,Changle
36,Fielding,Farish,011301947,corriente,"$ 129,459.86",7/06/2022,2/04/2016,LEWISTON,Voyskovitsy
37,Daphene,Fann,111307430,corriente,"$ 20,525.93",6/09/2020,8/09/2017,BAIRD,Dzuunmod
38,Adiana,Folling,053208176,ahorros,"$ 183,593.49",13/03/2023,13/08/2016,THOMASVILLE,Eger
39,Bobbee,Dahmel,031317788,ahorros,"$ 57,414.76",26/01/2023,5/05/2016,ORBISONIA,Chignayhua
40,Cortie,Burles,053112204,ahorros,"$ 204,047.92",28/08/2024,22/05/2017,N. CHAS,Brooklyn
41,Shandra,Jekel,011303123,corriente,"$ 202,287.08",2/03/2023,17/07/2016,LEWISTON,Sinarjaya
42,Cassie,Fideler,065002030,ahorros,"$ 133,654.74",16/03/2020,21/12/2016,RICHMOND,Hubei
43,Aileen,Widd,053185079,corriente,"$ 216,457.93",29/05/2022,30/07/2018,DURHAM,Santos Evos
44,Carline,Boxill,074905380,ahorros,"$ 194,632.02",8/11/2022,20/06/2018,DALEVILLE,Norrköping
45,Blithe,Sterzaker,091406121,corriente,"$ 60,986.23",21/08/2024,22/11/2017,BROOKINGS,Shouchang
46,Blancha,Minichillo,061212866,ahorros,"$ 52,099.71",6/02/2024,15/02/2017,ALMA,Uppsala
47,Celinda,Bradlaugh,121143118,corriente,"$ 149,672.65",11/06/2023,12/10/2018,PORTLAND,Bošovice
48,Burnard,Addenbrooke,061104204,ahorros,"$ 58,987.53",17/01/2020,19/05/2017,ZEBULON,Néa Flogitá
49,Joaquin,Sadat,125107862,ahorros,"$ 93,834.99",27/01/2023,22/01/2018,COEUR D'ALENE,Pyu
50,Lilith,Lutwidge,064208398,ahorros,"$ 138,138.78",3/09/2020,2/03/2018,MADISONVILLE,Ravne na Koroškem
51,Marlena,Kellick,322078804,corriente,"$ 66,527.97",30/06/2022,14/11/2017,DOWNEY,Dzüünharaa
52,Anthiathia,Kasman,031309123,corriente,"$ 59,399.93",4/07/2021,27/11/2017,WILSON,Kradinan
53,Emmalynne,Bilverstone,021200559,ahorros,"$ 212,595.11",10/07/2023,27/01/2018,MINNEAPOLIS,Dalaba
54,Sharleen,Helgass,104913912,corriente,"$ 35,777.44",1/04/2024,22/11/2017,GRETNA,Cucuyagua
55,Mimi,Blackie,271989756,corriente,"$ 40,377.40",19/12/2022,21/05/2017,NORTH CHGO,Rubik
56,Roxy,Manssuer,111104785,corriente,"$ 69,977.75",23/02/2025,3/06/2017,RICHMOND,Qulai
57,Maible,Hammonds,042000398,ahorros,"$ 101,459.88",18/05/2021,1/10/2017,PITTSBURGH,Soure
58,Fina,Corke,063104697,ahorros,"$ 115,288.62",22/04/2020,24/10/2018,RICHMOND,Santa Teresita
59,Sherlocke,Hallen,021206676,ahorros,"$ 73,304.89",5/11/2023,16/03/2017,READING,Skelivka
60,Weidar,Goodburn,102301911,ahorros,"$ 162,263.01",30/12/2021,22/02/2016,BASIN,Upi
61,Sib,Barstow,072412435,ahorros,"$ 114,454.41",23/07/2022,11/11/2017,EAST LANSING,Minas de Marcona
62,Tito,di Rocca,061108161,ahorros,"$ 131,374.95",2/05/2022,13/06/2018,LINCOLNTON,Mingguang
63,Herve,Pickaver,242272489,ahorros,"$ 84,749.51",23/03/2023,3/12/2016,NEWARK,Bayt Līd
64,Gene,Nussey,053200019,corriente,"$ 137,950.23",17/05/2022,26/04/2018,MINNEAPOLIS,Villa Nueva
65,Dasha,Linne,124100080,corriente,"$ 65,177.32",30/04/2024,14/06/2016,MINNEAPOLIS,Vinica
66,Charmain,Scholling,122244582,ahorros,"$ 82,681.01",14/11/2023,7/07/2017,SPOKANE,Valbo
67,Shepperd,Leborgne,031310413,corriente,"$ 187,629.61",27/01/2023,21/11/2018,WILSON,Saniwonorejo
68,Rose,Andor,072401789,corriente,"$ 68,506.55",11/09/2020,10/09/2018,MIDLAND,Zhongpai
69,Katusha,Nana,065301540,corriente,"$ 206,523.74",21/06/2022,8/06/2017,BRANDON,Lelekovice
70,Willette,Corwood,075901710,corriente,"$ 108,879.91",10/11/2020,25/05/2016,NAPERVILLE,Dammarie-les-Lys
71,Cora,Jonathon,107000440,ahorros,"$ 95,494.39",12/12/2022,9/09/2017,SANTA FE,Ralevka
72,Raye,Sergean,107004459,corriente,"$ 165,196.49",3/05/2024,22/05/2016,LAKEWOOD,Mafra
73,Timmie,McGuigan,062101581,ahorros,"$ 61,242.94",6/04/2023,3/06/2016,LINDEN,Sindangjati
74,Hayward,Maskrey,091910879,corriente,"$ 114,657.40",18/02/2023,29/08/2016,SAINT PETER,Padas
75,Elwira,Goldup,081220524,ahorros,"$ 188,578.50",21/11/2020,28/06/2017,CAMPBELL HILL,La Luz
76,Ailee,Boffin,123205054,corriente,"$ 148,585.46",9/01/2020,9/07/2017,PORTLAND,Cheremshan
77,Stevana,Reams,101102182,corriente,"$ 72,350.40",30/05/2020,27/03/2017,GIRARD,Chełmiec
78,Briano,MacUchadair,122206216,ahorros,"$ 98,234.62",27/09/2020,9/11/2016,RICHMOND,Beaufort
79,Lebbie,Boxhill,031309385,ahorros,"$ 98,506.99",29/09/2021,29/06/2016,HERMITAGE,Esquipulas
80,Griswold,Spaduzza,281371972,ahorros,"$ 68,385.56",2/11/2020,18/02/2018,JASPER,Jinxiang
81,Ephrayim,Leggitt,054001725,ahorros,"$ 190,088.04",14/07/2024,7/11/2018,LEWISTON,Lovrenc na Pohorju
82,Boote,McVey,072413560,ahorros,"$ 77,932.98",19/05/2020,7/05/2016,BELDING,Foros do Trapo
83,Maddy,O'Lochan,067015258,ahorros,"$ 184,856.42",22/07/2023,25/11/2018,FT.LAUDERDALE,Gap
84,Garvin,Bibbie,101115098,corriente,"$ 120,630.51",7/02/2021,18/08/2016,PARSONS,Guadalupe
85,Britni,Hatt,091215927,corriente,"$ 109,666.92",9/12/2024,7/03/2017,ST. PAUL,Made
86,Cobby,Hoyt,101903679,corriente,"$ 95,098.75",20/11/2021,7/07/2017,WARRENSBURG,Bandar-e Māhshahr
87,Margalit,Lahy,125107532,corriente,"$ 183,975.36",14/05/2024,30/05/2017,LAKEWOOD,Bieliny
88,Wells,Malec,081206373,ahorros,"$ 209,641.53",19/11/2023,30/06/2016,PITTSFIELD,Junqueiro
89,Nobe,Kelsell,102002757,ahorros,"$ 37,514.00",14/02/2025,13/06/2018,ALBANY,Rakhiv
90,Faun,Dorre,053111836,corriente,"$ 33,826.04",23/06/2023,26/09/2017,BLUEFIELD,Saint-Augustin
91,Carter,Tankard,107003023,corriente,"$ 22,973.49",12/11/2022,19/01/2017,LAKEWOOD,Longxi
92,Ruthi,Burnard,272471674,ahorros,"$ 167,303.77",28/02/2021,22/12/2016,RICHMOND,Aylmer
93,Lindy,Goulden,111909867,corriente,"$ 22,499.39",1/01/2023,13/12/2018,ENGLEWOOD CLIFFS,Vestmanna
94,Paulie,MacDougall,073901929,corriente,"$ 138,120.67",15/08/2023,15/01/2018,ALBIA,Smyków
95,Jemie,Petrello,267090536,ahorros,"$ 92,657.43",2/07/2024,13/10/2017,RICHMOND,Nossa Senhora de Machede
96,Lea,Semerad,064103228,corriente,"$ 162,968.54",17/01/2023,28/10/2016,PULASKI,Detroit
97,Corrine,Sukbhans,092900985,corriente,"$ 60,172.68",9/04/2022,22/01/2018,BIG TIMBER,Quintão
98,Carma,Lambal,081225804,corriente,"$ 27,288.23",17/04/2022,1/09/2016,ALBION,Washington
99,Nevins,Scarasbrick,244172095,corriente,"$ 161,024.73",8/04/2021,22/06/2017,NEWARK,Cerna
100,Greer,Guite,021309379,ahorros,"$ 137,000.48",5/10/2023,12/10/2016,TAMPA,Zhusha
101,Daryl,Sturdy,075900148,ahorros,"$ 113,805.64",26/12/2023,27/11/2018,NAPERVILLE,Touzao
102,Dino,Klossmann,082901635,corriente,"$ 180,091.75",27/07/2022,14/06/2016,MAGNOLIA,Wałcz
103,Flinn,Cawkwell,031902876,corriente,"$ 17,964.41",6/09/2020,9/05/2016,WILSON,Maqian
104,Gilemette,Sollner,111904998,ahorros,"$ 87,468.39",15/02/2023,29/03/2018,SULPHUR SPRINGS,Limmared
105,Elenore,Kyndred,063112906,ahorros,"$ 198,269.22",16/06/2022,2/01/2016,MOULTRIE,Timba Lauk
106,Kylila,Worley,021000021,corriente,"$ 21,270.97",27/02/2023,21/01/2017,TAMPA,Huangbayi
107,Jillian,Orange,021907315,ahorros,"$ 87,386.62",15/12/2021,17/09/2017,MONTEBELLO,Zelenogradsk
108,Darby,De Pietri,092902271,ahorros,"$ 76,723.42",2/05/2022,12/12/2018,SHELBY,Wujia
109,Ines,Nutton,211170101,ahorros,"$ 102,341.75",12/10/2023,6/08/2017,NEW BRITAIN,Vatutino
110,Sigismondo,Edwicke,122038442,ahorros,"$ 58,070.45",4/09/2024,5/01/2016,ST PAUL,Berlin
111,Perri,Chapelhow,111313000,ahorros,"$ 76,435.20",28/12/2023,14/10/2016,SAN ANGELO,Trzcianka
112,Free,Dillinger,075900986,ahorros,"$ 120,768.08",6/04/2025,14/02/2017,NAPERVILLEL,Kuilehe
113,Teodorico,Verzey,062205665,corriente,"$ 188,917.19",7/11/2023,8/01/2018,PITTSBURGH,Coasa
114,Ransell,Iacavone,044111188,ahorros,"$ 120,600.63",9/01/2022,21/12/2017,WHEELING,Wewoloe
115,Krissy,Burnett,082901897,ahorros,"$ 121,165.63",20/02/2020,19/12/2018,SEARCY,Sukorejo
116,Orly,Flello,211370590,corriente,"$ 201,029.57",21/01/2025,29/12/2016,NEW BRITAIN,Neqāb
117,Allina,Wraighte,063106734,corriente,"$ 91,134.07",20/12/2024,7/09/2016,MOULTRIE,Mae Hi
118,Giorgia,Wynter,063114289,ahorros,"$ 25,461.28",30/01/2022,28/02/2017,WAYNE,Dalang
119,Carolee,Hodgin,071112105,ahorros,"$ 93,005.93",11/11/2021,9/07/2018,CATLIN,Rukem
120,Thacher,Onge,064103079,ahorros,"$ 166,284.33",14/06/2022,9/02/2016,BIRMINGHAM,Assis
121,Emyle,Meugens,113193723,corriente,"$ 118,857.90",24/03/2024,21/04/2017,TAMPA,Souziqiu
122,Marvin,Francillo,053112673,corriente,"$ 80,729.32",11/01/2023,14/06/2017,OXFORD,Acas
123,Christine,Hodgen,322271096,corriente,"$ 37,500.33",5/11/2021,15/04/2017,ENGLEWOOD CLIFFS,Suqu
124,Monica,Storry,322079719,corriente,"$ 110,935.17",12/12/2023,15/12/2018,HAWTHORNE,Paris 04
125,Cobbie,Challis,081004591,corriente,"$ 110,848.01",26/07/2022,2/12/2018,KANSAS CITY,Krzyżanów
126,Gabi,Meale,122220593,corriente,"$ 211,811.40",9/04/2025,23/08/2018,SAN DIEGO,Bokaa
127,Alphonse,Youster,253184359,corriente,"$ 14,576.68",5/02/2025,8/06/2016,ASHEVILLE,Devon
128,Farand,Trainer,063115437,ahorros,"$ 144,845.92",22/01/2024,14/02/2017,WAYNE,Banjar Laing
129,Wilbert,Garrud,011101613,corriente,"$ 197,691.63",18/12/2022,15/11/2017,NEW BRITAIN,Al Ghandūrah
130,Darb,Leavey,053201607,corriente,"$ 174,922.59",27/08/2022,3/03/2017,WILSON,Zhujiaqiao
131,Joyous,Andresen,063115631,corriente,"$ 61,135.40",20/02/2025,21/12/2016,LEWISTON,Sanjō
132,Marianne,Lindelof,122242759,corriente,"$ 77,170.87",17/06/2022,21/04/2017,ONTARIO,Phayakkhaphum Phisai
133,Wheeler,Emmanueli,061000146,corriente,"$ 146,291.61",21/03/2020,28/02/2017,ATLANTA,Itoigawa
134,Wyatt,Sapsed,111904231,corriente,"$ 68,895.72",11/10/2024,6/05/2018,SAN SABA,Lisków
135,Judi,Caddie,062205733,corriente,"$ 207,499.47",26/04/2021,26/07/2018,TUPELO,Hinthada
136,Lyndell,Jorn,051504623,corriente,"$ 28,375.06",15/01/2023,3/04/2017,CHARLESTON,Balas
137,Ephrayim,Hastewell,313172052,ahorros,"$ 131,656.91",6/01/2025,11/02/2018,SUGARLAND,Tras Cerros
138,Alphard,Hewkin,107004695,corriente,"$ 213,348.09",4/05/2022,2/11/2017,LAKEWOOD,Duantan
139,Delcine,Aikenhead,101001911,corriente,"$ 51,783.95",28/04/2020,7/10/2017,RICHMOND,Derbent
140,Zonnya,Wotherspoon,323270216,corriente,"$ 31,684.62",11/09/2024,28/08/2017,PORTLAND,Xinpeicun
141,Helen-elizabeth,Buessen,253272070,corriente,"$ 90,356.07",7/05/2024,9/04/2017,N CHAS,Cukanguncal
142,Mirabella,Merricks,065306079,ahorros,"$ 192,096.36",14/01/2023,20/07/2016,WAYNESBORO,Fengjia
143,Krishna,Chidley,113009464,ahorros,"$ 74,082.19",13/02/2021,28/01/2017,SUGAR LAND,Gorgoram
144,Zebadiah,Bedle,072412176,ahorros,"$ 209,419.06",21/06/2021,10/07/2017,CLEVELAND,Sindi
145,Rad,Speed,052100547,ahorros,"$ 98,249.17",23/05/2025,23/04/2016,PITTSBURGH,Staritsa
146,Ermentrude,Penley,103101631,corriente,"$ 189,186.04",20/02/2024,25/07/2018,PERRY,Puerres
147,Fredrika,Ebben,265470158,corriente,"$ 215,713.40",31/03/2024,20/12/2018,COVINGTON,Amsterdam-Oost
148,Lian,Pittet,111900510,corriente,"$ 192,261.95",4/03/2022,26/08/2018,RICHMOND,Koba
149,Grace,Hintze,053185079,corriente,"$ 128,915.27",6/04/2023,27/04/2018,DURHAM,Longbo
150,Liuka,Kopelman,011900254,corriente,"$ 213,883.53",15/03/2022,29/12/2016,RICHMOND,San Diego
151,Lorie,Torricella,091917681,corriente,"$ 42,941.86",2/07/2024,9/10/2018,WASECA,Divichibazar
152,Tamarra,Goodfellow,123206817,ahorros,"$ 142,405.80",19/05/2020,18/10/2017,SPOKANE,Lysá nad Labem
153,Theodore,Stopp,026002927,corriente,"$ 41,763.16",20/10/2021,23/05/2016,ROSEMEAD,Mijiang
154,Clywd,Frunks,123002011,ahorros,"$ 169,513.47",5/01/2022,8/03/2016,ALBANY,Totok
155,Chandra,Mulrean,211174343,ahorros,"$ 53,494.07",4/04/2022,17/01/2016,NEW BRITAIN,Ifakara
156,Johnna,Kurdani,043304239,ahorros,"$ 79,913.11",16/01/2025,16/07/2017,HERMITAGE,Loznitsa
157,Kincaid,Lacasa,211272504,ahorros,"$ 80,005.21",30/11/2020,17/11/2018,ROCKPORT,Meilin
158,Stefania,Merlin,084204301,corriente,"$ 20,834.00",21/10/2021,22/02/2016,BRANDON,Kosti
159,Kaitlin,Bisgrove,113110641,corriente,"$ 129,762.49",17/08/2022,4/04/2016,GANADO,Umeå
160,Kaye,Alti,111000038,corriente,"$ 120,635.86",4/04/2020,11/07/2016,MINNEAPOLIS,Budapest
161,Sharla,Slesser,044102362,corriente,"$ 111,311.43",26/01/2021,24/04/2016,NEWARK,Lingdong
162,Yvor,Seed,122240308,corriente,"$ 139,934.19",9/12/2022,1/07/2017,CARLSBAD,Krajan
163,Gilberto,Gammie,121182014,corriente,"$ 157,240.79",25/06/2022,13/09/2018,RALEIGH,Oesao
164,Claudio,Jowsey,011900254,ahorros,"$ 206,821.66",22/08/2022,21/12/2017,RICHMOND,El Pardo
165,Siobhan,Jesty,221271090,corriente,"$ 55,019.05",21/03/2022,4/08/2016,WAYNE,Bicurga
166,Friedrick,Gilhouley,053201814,ahorros,"$ 128,858.56",18/09/2023,19/09/2016,BIRMINGHAM,Santa Magdalena
167,Ariel,Niset,111317637,ahorros,"$ 58,402.63",6/06/2021,17/01/2018,WINTERS,Wang Nam Yen
168,Nelle,Dowden,081905182,ahorros,"$ 212,096.20",1/08/2023,8/10/2017,PANA,Marcala
169,Silvia,MacGarrity,042102018,corriente,"$ 56,944.45",13/11/2024,5/10/2016,FRANKFORT,Chafé
170,Waverly,Toleman,063113772,corriente,"$ 108,467.53",26/11/2024,4/07/2016,WILMINGTON,Purwodadi
171,Kayley,Stanbridge,067012413,corriente,"$ 180,216.76",11/02/2024,16/04/2017,FT LAUDERDALE,Makilala
172,Elonore,Gallehock,062104520,ahorros,"$ 77,455.93",3/09/2023,26/03/2018,ATMORE,Požarevac
173,Saul,Perico,101109512,ahorros,"$ 206,376.98",20/01/2020,7/03/2017,MOUND CITY,Geumpang
174,Terence,Trematick,101105558,ahorros,"$ 133,170.49",16/04/2022,23/09/2016,CHANUTE,Zea
175,Catha,Cluely,104000058,ahorros,"$ 105,546.58",23/01/2020,26/09/2016,MINNEAPOLIS,Zamość
176,Rana,Stanlick,113110379,corriente,"$ 142,863.80",10/05/2021,16/06/2016,SUGAR LAND,Salem
177,Lorenzo,Romayne,221271265,corriente,"$ 26,037.48",7/04/2022,23/08/2018,READING,San Teodoro
178,Trescha,Gillham,061207839,corriente,"$ 208,228.65",22/10/2020,20/01/2016,HINESVILLE,Novi Sad
179,Vita,Schlagh,064103833,corriente,"$ 91,729.30",31/08/2023,26/04/2016,CINCINNATI,Combapata
180,Catherina,Vina,021202175,ahorros,"$ 22,816.93",29/07/2022,13/12/2018,MINNEAPOLIS,Huangcun
181,Anne-corinne,Crotty,123206011,ahorros,"$ 168,136.29",1/07/2020,20/06/2018,LAKEWOOD,Avdzaga
182,Lara,Lohmeyer,083900619,corriente,"$ 35,407.10",15/04/2020,1/05/2016,FRANKFORT,Shikou
183,Alejoa,Recke,021001208,ahorros,"$ 53,571.21",25/05/2025,30/10/2016,EAST RUTHERFORD,Svoboda nad Úpou
184,Caleb,Sobieski,021300019,corriente,"$ 45,574.08",4/09/2022,12/07/2018,RICHMOND,Eldoret
185,Rowland,Siddall,323371076,corriente,"$ 187,908.54",4/01/2024,4/11/2018,SPOKANE,Hongor
186,Ingaborg,Chasen,211179982,corriente,"$ 71,659.15",30/05/2023,13/07/2016,RYE,Shaffa
187,Wendall,Brokenshire,113024504,ahorros,"$ 75,211.91",22/07/2022,24/08/2018,SUGAR LAND,Suai
188,Liv,Ayling,122104046,ahorros,"$ 18,100.62",1/10/2023,4/03/2016,NAPERVILLE,Nantes
189,Talbot,Peery,053901473,ahorros,"$ 65,269.75",19/11/2024,17/09/2018,MINNEAPOLIS,Vitória do Mearim
190,Minnaminnie,Symcox,107004352,ahorros,"$ 32,021.83",13/10/2022,26/06/2018,LAKEWOOD,Kota Bharu
191,Mame,Bulstrode,053900377,ahorros,"$ 114,878.41",24/06/2021,7/09/2017,RICHMOND,Limoeiro
192,Georgette,Buggs,113118342,ahorros,"$ 200,852.89",27/03/2023,16/07/2017,CORRIGAN,Štitar
193,Chucho,Cowton,211370257,ahorros,"$ 70,258.93",17/03/2024,12/10/2017,LYNN,Satita
194,Royce,Sloan,055002244,corriente,"$ 132,897.75",12/12/2024,13/07/2018,PITTSBURGH,Atipuluhan
195,Sophey,House,111904215,corriente,"$ 94,691.08",30/04/2024,15/04/2017,MINNEAPOLIS,Conceição do Coité
196,Nollie,Winfield,067016040,corriente,"$ 116,316.67",16/05/2022,30/06/2016,FT. LAUDERDALE,Laval
197,Lemar,Jouhan,071921891,ahorros,"$ 202,112.89",3/08/2022,8/11/2017,CLEVELAND,Irasan
198,Waverly,Hugli,065302044,corriente,"$ 205,868.28",9/10/2020,9/09/2016,BELZONI,Xuancheng
199,Jolynn,Ofer,084200981,corriente,"$ 199,977.50",10/07/2021,22/10/2016,GREENWOOD,Ejmiatsin
200,Brianna,Greenard,061219571,ahorros,"$ 177,519.70",7/05/2022,28/04/2017,TUPELO,Tarica
201,Glennis,Brittles,113015267,ahorros,"$ 69,014.07",15/03/2024,7/11/2018,SUGAR LAND,Caozhen
202,Carmelia,Christer,026007883,corriente,"$ 215,035.68",29/04/2021,25/09/2018,RICHMOND,Wotan
203,Ree,Deniset,055002286,ahorros,"$ 81,042.46",3/04/2020,5/12/2017,PITTSBURGH,Gambut
204,Allegra,Matousek,063204746,corriente,"$ 180,104.98",18/01/2022,21/12/2017,CONWAY,Prelog
205,Belita,Seers,065403587,corriente,"$ 191,965.44",4/06/2020,6/04/2018,COVINGTON,Baume-les-Dames
206,Marijn,Storton,031311674,corriente,"$ 114,070.94",20/10/2023,28/05/2017,INDIANA,Mehtar Lām
207,Joana,Dalrymple,063107513,ahorros,"$ 32,177.95",8/08/2021,5/06/2016,MINNEAPOLIS,Houxixi
208,Nat,Ingraham,274970144,corriente,"$ 203,043.50",30/08/2023,28/01/2016,CINCINNATI,Shubenka
209,Waldo,Haining,031308564,corriente,"$ 193,049.65",24/11/2024,4/07/2016,ALBANY,Lorengau
210,Gawen,Simner,114915081,corriente,"$ 168,145.37",13/05/2022,10/06/2018,SAN ANTONIO,Huaqiao
211,Pren,Swyer-Sexey,051000017,corriente,"$ 125,538.76",25/05/2024,16/06/2016,HENRICO,Tlogoagung
212,Mariam,Gillooly,221272565,ahorros,"$ 166,591.22",29/01/2020,4/05/2016,WAYNE,Banjar Yehsatang
213,Malachi,Carbert,072402364,ahorros,"$ 180,827.02",19/01/2025,23/03/2017,CINCINNATI,Sbikha
214,Gunther,Kienle,064101673,corriente,"$ 42,848.41",4/03/2023,11/01/2016,RICHMOND,Tubli
215,Denyse,Uzzell,122243800,corriente,"$ 19,604.97",20/12/2021,25/05/2017,SPOKANE,Mafra
216,Jacquelin,Dinwoodie,043306855,corriente,"$ 198,157.40",15/06/2022,6/02/2018,INDIANA,Bengtsfors
217,Jess,Gemmill,063112249,corriente,"$ 96,372.78",19/01/2021,14/12/2016,LAFAYETTE,Nové Sedlo
218,Frederique,Adrain,072404948,ahorros,"$ 121,323.18",9/08/2021,25/12/2018,MIDLAND,Santo Domingo Oeste
219,Rici,Potes,101200440,ahorros,"$ 130,829.22",21/02/2021,6/01/2018,GRETNA,Sceaux
220,Loella,Eytel,071000521,ahorros,"$ 111,123.64",8/02/2022,19/09/2017,ST. PAUL,Ruse
221,Richard,Gouly,262285223,ahorros,"$ 57,678.72",30/09/2022,13/09/2018,FORT PAYNE,Jaen
222,Clarissa,Darleston,042100272,ahorros,"$ 111,244.22",18/11/2023,5/07/2018,CINCINNATI,Palermo
223,Marjy,Dadley,102104600,ahorros,"$ 45,955.45",15/01/2021,27/12/2017,KANSAS CITY,San Isidro
224,Aubry,Griston,103112992,ahorros,"$ 55,292.46",25/01/2024,1/10/2016,DUNCAN,Venëv
225,Bing,Emanulsson,073904188,corriente,"$ 201,414.80",22/02/2023,24/05/2018,SIOUX FALLS,Sambilawang
226,Madonna,Hembling,043303447,corriente,"$ 100,520.88",7/04/2024,8/08/2018,PITTSBURGH,Stockholm
227,Esma,Endacott,011401135,ahorros,"$ 19,411.69",11/06/2024,11/09/2018,LAWRENCE,Kohlu
228,Lane,Binner,041204726,ahorros,"$ 23,688.87",16/01/2020,4/12/2018,BELLEVUE,Rockford
229,Dionne,Karus,073902287,corriente,"$ 94,947.91",21/05/2022,31/12/2017,HOLSTEIN,Jāmpur
230,Marquita,Oxbe,042307224,corriente,"$ 165,970.30",7/06/2020,18/01/2017,NEWARK,Juḩr ad Dīk
231,Datha,Tolle,231375290,corriente,"$ 186,363.71",12/12/2024,12/02/2016,HERMITAGE,Zaslawye
232,Toma,Priter,083002342,corriente,"$ 177,135.53",11/11/2022,10/01/2017,CINCINNATI,Voskopojë
233,Marcelo,Basil,075903983,ahorros,"$ 123,061.24",10/10/2020,3/07/2017,LOYAL,Pysznica
234,Rasla,Gilberthorpe,111103058,corriente,"$ 161,817.35",18/04/2020,1/04/2018,TUPELO,Bindura
235,Miguela,Besset,111104853,ahorros,"$ 161,539.30",21/12/2024,18/10/2018,RICHMOND,Rudnichnyy
236,Tucker,Brundill,084000084,corriente,"$ 93,689.39",28/06/2024,19/06/2016,BIRMINGHAM,Zaoshi
237,Vida,Wessel,265270222,ahorros,"$ 146,958.06",12/02/2022,4/04/2016,LAYAYETTE,Czernice Borowe
238,Ina,Esh,075912165,corriente,"$ 143,714.18",31/08/2021,16/05/2016,NAPERVILLE,Gukovo
239,Lyndsie,Nother,061302417,corriente,"$ 217,199.97",14/01/2023,25/08/2017,RICHMOND,T’et’ri Tsqaro
240,Quent,Cullity,063115123,ahorros,"$ 218,140.94",23/02/2025,18/03/2016,NAPERVILLE,Cabatuan
241,Gare,Bennit,051404260,corriente,"$ 66,622.58",9/03/2021,22/03/2018,WILSON,Judita
242,Jackelyn,Stonelake,021202311,corriente,"$ 112,039.63",1/06/2021,7/12/2017,PITTSBURGH,Eloúnda
243,Renie,Venneur,226071004,ahorros,"$ 114,370.46",23/01/2023,8/03/2016,HICKSVILLE,Vyritsa
244,Rockwell,Bauldry,101114303,corriente,"$ 185,092.45",1/12/2023,1/09/2017,TONGANOXIE,Bergen op Zoom
245,Cam,Fanner,211170363,corriente,"$ 55,850.17",2/05/2023,22/02/2016,RICHMOND,Américo Brasiliense
246,Lock,Sworne,071923323,corriente,"$ 22,704.38",27/06/2022,12/11/2017,CINCINNATI,Capioví
247,Ethan,MacAllan,121031673,corriente,"$ 136,864.93",14/12/2023,8/08/2016,COLMA,Chuncheon
248,Simone,Guslon,122231935,ahorros,"$ 138,277.23",10/10/2020,17/10/2016,ENGLEWOOD CLIFFS,Liutan
249,Martainn,Eadie,065000090,corriente,"$ 53,407.82",1/02/2024,6/12/2017,RICHMOND,Darovskoy
250,Darb,McLaverty,053112453,ahorros,"$ 124,674.60",3/05/2021,13/04/2016,HERMITAGE,Toutuo
251,Britte,Scott,103902717,ahorros,"$ 174,481.93",5/10/2021,7/03/2018,TULSA,Solnechnogorsk
252,Glenn,Klimus,122240764,ahorros,"$ 42,003.41",18/05/2022,5/03/2018,ONTARIO,Forquilhinha
253,Sigvard,Hellens,111322583,ahorros,"$ 63,072.03",29/04/2021,22/12/2018,SUGAR LAND,Banjar Bias
254,Darleen,Craddock,056004089,ahorros,"$ 210,644.70",9/06/2020,5/09/2016,MINNEAPOLIS,Viana
255,Elvis,Paull,107006143,ahorros,"$ 182,846.44",26/01/2023,4/06/2018,LAKEWOOD,Mahalapye
256,Dyane,Brugden,021000089,ahorros,"$ 169,989.91",21/03/2021,18/09/2016,NEW CASTLE,Mogoditshane
257,Danyette,Scragg,107000796,corriente,"$ 186,453.68",1/12/2020,24/03/2017,RICHMOND,Kimhae
258,Imojean,Harman,102005916,ahorros,"$ 23,204.32",26/01/2024,19/07/2016,LAKEWOOD,Minglanilla
259,Benoite,Coche,031207966,ahorros,"$ 82,120.75",7/11/2020,21/09/2018,WILLIAMSTOWN,Blagoevgrad
260,Cariotta,Baudouin,072000915,corriente,"$ 161,928.81",17/10/2023,14/12/2018,PITTSBURGH,Sumbergayam
261,Neal,Low,102102864,corriente,"$ 185,207.92",31/12/2023,6/04/2018,PAGOSA SPRINGS,Cabañas
262,Bondy,Alenin,063103193,ahorros,"$ 26,276.02",15/01/2023,15/10/2018,RICHMOND,Krajan
263,Sibby,Stilly,101101057,corriente,"$ 159,806.94",30/04/2022,5/07/2017,WELLINGTON,Yongjiahe
264,Iorgo,Confait,084301767,corriente,"$ 37,441.53",13/06/2022,1/07/2017,RICHMOND,Daiyue
265,Celina,Lambert-Ciorwyn,081307227,corriente,"$ 135,241.13",16/12/2021,24/06/2016,POSEYVILLE,Kamloops
266,Etheline,Mival,221370616,ahorros,"$ 86,999.26",11/05/2023,26/04/2018,ALBANY,Sychëvo
267,Marylou,Hallas,051008996,corriente,"$ 103,645.52",21/01/2025,24/11/2017,ELIZABETH CITY,Port Antonio
268,Onfre,Chatters,071006282,corriente,"$ 156,636.01",8/08/2024,21/02/2016,LOS ANGELES,Verkhniy Baskunchak
269,Clement,Ballard,273970941,corriente,"$ 132,144.18",25/01/2023,28/10/2016,CLARINDA,Kaum
270,Corenda,Copnar,055002480,ahorros,"$ 137,447.12",10/01/2022,2/02/2018,HERMITAGE,Petrikov
271,Mahala,Casaro,072402704,corriente,"$ 100,684.47",8/09/2023,19/09/2017,CINCINNATI,Lac La Biche
272,Vicki,Floyed,113193532,ahorros,"$ 68,610.89",10/07/2021,22/08/2016,NEW CASTLE,Andapa
273,Iosep,Vahey,073903503,ahorros,"$ 111,737.07",4/09/2024,29/01/2018,STORM LAKE,Sedandang
274,Annis,Landeaux,062203395,ahorros,"$ 101,224.91",2/12/2021,19/10/2016,PELL CITY,Warren
275,Ashli,Seago,075907413,ahorros,"$ 32,766.80",20/01/2022,28/07/2018,MILTON,Yên Bái
276,Ashlee,Savine,261170740,corriente,"$ 97,070.64",18/06/2025,30/11/2017,BIRMINGHAM,Emiliano Zapata
277,Haroun,cornhill,091902531,corriente,"$ 80,635.58",16/07/2022,8/12/2016,BENSON,Bueng Kum
278,Pen,Gregoire,084202837,ahorros,"$ 196,826.86",18/05/2020,19/01/2017,TUPELO,Qinhong
279,Linnell,Minshull,122237515,ahorros,"$ 108,210.71",13/02/2024,31/03/2016,ALHAMBRA,Lovrenc na Pohorju
280,Arman,Sheehan,071926320,corriente,"$ 112,899.42",3/10/2023,29/06/2016,NAPERVILLE,Tilang
281,Allyson,Whorton,082904726,ahorros,"$ 56,532.41",8/09/2024,5/08/2016,EUREKA SPRINGS,Hezheng Chengguanzhen
282,Tony,Mendenhall,111000805,corriente,"$ 179,289.19",20/07/2024,29/09/2016,SUGAR LAND,Niitsu-honchō
283,Sergeant,Lethbridge,071002503,corriente,"$ 150,572.88",4/12/2023,27/03/2016,ROSEMONT,Guanqian
284,Maximilien,Kobelt,055003340,corriente,"$ 200,455.15",30/07/2022,21/10/2017,ROCKVILLE,Roanoke
285,Adela,Allaway,102303841,ahorros,"$ 206,737.95",12/04/2022,1/03/2016,HELENA,Jianshe
286,Corinna,Imort,103102494,corriente,"$ 193,836.39",30/04/2025,18/11/2018,MARLOW,Pewel Wielka
287,Muire,Tesauro,072403473,corriente,"$ 158,109.40",9/08/2024,8/10/2017,COLUMBUS,Turka
288,Cyrus,Stockford,081925816,ahorros,"$ 117,837.78",11/03/2025,31/01/2017,HILLSBORO,São Pedro de Muel
289,Emily,Teare,053200446,ahorros,"$ 192,395.44",24/05/2020,8/01/2017,RICHMOND,Jijiazhuang
290,Guthrie,Phare,071918150,ahorros,"$ 203,568.60",22/10/2022,19/04/2017,NAPERVILLE,Concordia
291,Wallis,Geroldo,041202511,corriente,"$ 114,830.09",7/05/2024,18/02/2018,HERMITAGE,Aco
292,Hedvig,Admans,091204255,corriente,"$ 177,745.92",28/06/2022,10/04/2018,FULDA,New Haven
293,Alf,Wanstall,021004823,ahorros,"$ 195,451.95",24/12/2021,26/10/2017,BUFFALO,Kanazawa-shi
294,Sunny,Ship,304971987,ahorros,"$ 172,302.24",8/02/2025,20/06/2016,SIOUX FALLS,Egindiköl
295,Wyatan,O'Gready,021906934,ahorros,"$ 131,111.05",2/01/2024,17/09/2017,ALBANY,Lampihung
296,Orsola,Vynall,071112817,ahorros,"$ 82,730.22",16/02/2021,31/05/2018,EMDEN,Shawnee Mission
297,Aron,Wimlet,111300945,ahorros,"$ 211,994.02",17/09/2021,1/09/2016,HENRICO,Raci Kulon
298,Robinet,Itzkovwitch,107005953,corriente,"$ 47,880.60",28/08/2024,18/09/2017,DENVER,Luthu
299,Pearl,Heineke,067016354,corriente,"$ 205,093.49",16/05/2022,29/02/2016,WAYNE,Lasiana
300,Hy,McColley,072407987,corriente,"$ 165,865.89",2/09/2023,14/11/2018,MIDLAND,Jiaowei
301,Maxie,Aisbett,091208154,ahorros,"$ 38,786.00",3/05/2021,3/01/2017,KIESTER,Yezhu
302,Graham,Kinnaird,057000697,corriente,"$ 131,190.67",23/04/2020,14/04/2017,COLUMBUS,Krajan Winong
303,Kylie,Dyers,111104743,corriente,"$ 61,414.51",23/11/2020,24/05/2018,TUPELO,Azua
304,Seumas,Benezeit,121142779,corriente,"$ 187,978.99",26/08/2024,22/01/2017,SPOKANE,Błędów
305,Amby,Cubin,062102849,corriente,"$ 184,816.04",22/09/2024,28/09/2016,DOZIER,Thị Trấn Nước Hai
306,Dix,Gosforth,065302358,ahorros,"$ 71,518.99",29/11/2024,10/01/2017,COLUMBIA,Xindong
307,Weider,MacKenzie,221380114,ahorros,"$ 99,364.22",16/06/2025,4/08/2016,PITTSFIELD,Poste du Lac
308,Zeb,Nelthrop,226071237,ahorros,"$ 22,688.78",23/08/2023,8/09/2016,READING,Masaran
309,Noelyn,Boutcher,051401836,ahorros,"$ 55,817.80",24/07/2022,30/09/2017,RALEIGH,Charlesland
310,Astrix,Hardware,062200961,corriente,"$ 53,954.76",17/01/2020,18/08/2016,TALLADEGA,Yemva
311,Shina,Bosson,063107610,corriente,"$ 150,541.13",25/09/2020,25/03/2017,RICHMOND,Fermelã
312,Martainn,Pinwell,067016040,corriente,"$ 97,127.21",21/02/2022,4/04/2016,FT. LAUDERDALE,Ngangguk
313,Ethyl,Boggs,274970063,ahorros,"$ 70,818.09",7/12/2020,15/09/2016,CINCINNATI,Sīlat al Ḩārithīyah
314,Cate,Scotchmore,091204899,corriente,"$ 99,702.00",4/01/2025,26/06/2018,BATTLE LAKE,Celorico de Basto
315,Cthrine,Whife,011300142,ahorros,"$ 15,074.97",12/05/2021,4/07/2017,WORCESTER,Buta Ranquil
316,Rivy,Taffurelli,055001054,ahorros,"$ 151,176.86",4/11/2020,11/05/2016,PITTSBURGH,Naples
317,Franciskus,Dumphry,111926086,ahorros,"$ 27,659.67",6/03/2022,22/11/2017,WACO,Parakou
318,Dale,Beveridge,011307116,corriente,"$ 209,831.72",12/05/2025,3/03/2017,SOUTH WINDSOR,Úštěk
319,Leroi,Kroin,021202175,corriente,"$ 122,853.92",10/02/2025,14/05/2016,MINNEAPOLIS,Dajanrurung
320,Tonnie,Tomeo,081211928,ahorros,"$ 210,588.03",9/09/2020,1/12/2016,BROWNSTOWN,Ouaoula
321,Naoma,Streeting,042107738,corriente,"$ 137,821.21",1/03/2022,29/11/2016,BOONEVILLE,Bueng Kum
322,Byron,Farrans,091000080,corriente,"$ 160,907.10",14/10/2022,30/01/2017,MINNEAPOLIS,Kuybyshevo
323,Hortense,Champkins,221270758,ahorros,"$ 186,507.86",10/02/2023,18/02/2018,READING,Lumbac
324,Fabio,Degue,053274113,ahorros,"$ 12,916.72",31/07/2020,24/04/2018,N. CHAS,Parigi
325,Griffin,Dog,124001545,corriente,"$ 16,372.33",8/10/2024,11/01/2017,TAMPA,Valado dos Frades
326,Vernice,Chadd,114000776,corriente,"$ 193,273.01",29/05/2024,30/05/2016,TAMPA,San Agustin
327,Elihu,Haynes,062104203,corriente,"$ 27,135.52",7/05/2023,13/08/2018,JACKSON,Pākpattan
328,Dave,Tumelty,072401789,corriente,"$ 45,052.92",12/08/2022,3/12/2016,MIDLAND,Sarilhos Grandes
329,Linette,Spearing,104903362,ahorros,"$ 174,017.35",9/08/2020,14/07/2018,MILFORD,Villa Nueva
330,Bertha,Timewell,091409571,ahorros,"$ 12,736.34",25/02/2022,27/10/2017,NEW CASTLE,Misungwi
331,Jeni,Turfs,113001077,corriente,"$ 27,803.17",7/12/2022,18/08/2016,HOUSTON,Jichang
332,Cecilius,Heel,071100324,ahorros,"$ 130,524.95",27/07/2022,2/06/2016,CLEVELAND,Złota
333,Jens,Haet,082904043,ahorros,"$ 109,567.93",11/04/2024,6/03/2018,MENA,Lesuhe
334,Fawne,MacKellar,114922430,ahorros,"$ 158,074.41",7/04/2023,10/11/2018,JUNCTION,Nossa Senhora da Glória
335,Townie,Smouten,103000703,ahorros,"$ 187,960.47",15/02/2025,13/09/2017,KINGFISHER,Sundbyberg
336,Analise,Matterface,072404841,corriente,"$ 109,148.99",5/05/2023,9/01/2018,CINCINNATI,Vođinci
337,Charmion,Wawer,021308817,ahorros,"$ 154,458.32",17/01/2021,2/03/2016,CANTON,Passo Fundo
338,Harriet,Fleeming,083901825,ahorros,"$ 143,596.53",2/07/2020,5/09/2018,FRANKFORT,Pechora
339,Rochella,Corten,252070309,ahorros,"$ 134,124.11",30/01/2025,6/12/2017,WILSON,Mandapajaya
340,Kit,Bitterton,075910882,corriente,"$ 190,621.53",25/06/2022,14/08/2017,NAPERVILLE,Fahraj
341,Shandra,Bertot,064202844,ahorros,"$ 41,667.86",26/11/2020,14/05/2016,MOUNTAIN CITY,Bāglung
342,Cathee,Ferrer,221572838,ahorros,"$ 182,616.45",28/01/2023,1/06/2016,SAN JUAN,Villa Carlos Paz
343,Joy,Lowen,113010217,corriente,"$ 62,688.74",31/12/2023,22/04/2016,KILLEEN,Kovářov
344,Fitzgerald,Rowaszkiewicz,083900619,corriente,"$ 82,691.98",5/02/2023,2/06/2018,FRANKFORT,Shihuajian
345,Nathalie,Horsfield,031304720,ahorros,"$ 102,814.26",17/02/2023,3/12/2016,AMHERST,Maoqitun
346,Florinda,Chamberlaine,091904267,corriente,"$ 51,783.57",11/09/2020,18/03/2016,LE CENTER,Ust’-Ulagan
347,Leontyne,Menlow,122233645,ahorros,"$ 168,840.75",19/10/2021,3/10/2018,LOS ANGELES,Eira da Pedra
348,Linette,Alenikov,101003773,ahorros,"$ 128,962.54",5/02/2021,23/02/2018,RAYMORE,København
349,Alysa,Goreway,063014499,ahorros,"$ 31,043.81",25/03/2024,10/03/2017,MOULTRIE,Lunel
350,Joachim,Seven,091810623,ahorros,"$ 87,457.36",16/02/2023,2/08/2018,HAYWARD,Pasarkayu
351,Adela,Portingale,107006091,ahorros,"$ 119,627.98",4/03/2022,12/05/2016,LAKEWOOD,Tarata
352,Trudy,Heaffey,067001699,ahorros,"$ 34,114.22",13/03/2021,19/05/2017,WAYNE,Nong Phok
353,Jena,Bolan,111904231,corriente,"$ 75,808.09",4/05/2023,20/09/2018,SAN SABA,San Francisco
354,Myrah,Laxon,021206676,ahorros,"$ 120,488.55",28/01/2025,2/08/2018,READING,Gap
355,Jaine,Shearmur,064108757,corriente,"$ 180,768.48",11/03/2023,31/12/2016,CINCINNATI,Santa Eulalia
356,Carol-jean,Burgiss,081001727,ahorros,"$ 28,085.82",27/08/2023,22/12/2018,CLEVELAND,Yashiro
357,Robbyn,Grosier,111924800,corriente,"$ 57,192.74",28/07/2023,1/12/2016,KINGFISHER,Alajuela
358,Stephannie,Hutchens,113007835,ahorros,"$ 147,585.45",23/11/2021,22/08/2017,ROSEMONT,Chuangwang
359,Dugald,De Witt,061102701,corriente,"$ 116,575.10",27/06/2022,6/03/2016,BLAIRSVILLE,Xiashan
360,Jenelle,Harding,251472555,corriente,"$ 130,134.11",13/10/2024,4/03/2017,RUTHER GLEN,Várzea
361,Eliza,Zanicchelli,103110813,corriente,"$ 136,044.35",9/10/2020,13/05/2016,COMMERCE,Néos Skopós
362,Gratiana,Marcinkowski,067001699,ahorros,"$ 118,165.12",7/08/2023,16/10/2017,WAYNE,Cipanjang
363,Pren,Sudddard,104913048,ahorros,"$ 60,600.75",22/06/2024,2/08/2017,DAVID CITY,Notsé
364,Tristan,Wozencraft,114916019,ahorros,"$ 76,243.70",17/05/2021,27/02/2018,HEBBRONVILLE,Pingtian
365,Shoshanna,Chittey,274970801,ahorros,"$ 97,452.90",19/09/2021,13/09/2018,NAPERVILLE,Quibal
366,Tobin,Venediktov,061092691,ahorros,"$ 214,934.15",24/11/2024,29/11/2016,MACON,Leles
367,Fern,Spread,082900429,corriente,"$ 74,500.05",31/03/2024,25/11/2018,RICHMOND,Edissiya
368,Kayley,Main,113105070,corriente,"$ 95,789.46",9/07/2021,4/08/2016,CENTER,Tivat
369,Piper,Gockeler,107004637,ahorros,"$ 169,510.49",14/10/2023,21/09/2017,LAKEWOOD,Savonranta
370,Darwin,Jarville,104901911,corriente,"$ 202,444.38",8/01/2024,1/03/2017,ASHLAND,Balibagan Oeste
371,Lexy,Heinzler,091215927,ahorros,"$ 166,376.85",5/03/2020,13/02/2018,ST. PAUL,Munturkaju
372,Yvette,Tedahl,061092332,ahorros,"$ 137,078.92",28/07/2023,29/01/2018,ATLANTA,Yashao
373,Derick,Twitty,101002949,ahorros,"$ 67,541.24",20/10/2022,10/06/2018,KANSAS CITY,Jielong
374,Kristine,Millea,122401781,ahorros,"$ 144,580.44",8/04/2023,14/07/2018,ST PAUL,Cheping
375,Glenden,Hulkes,082901460,corriente,"$ 138,835.40",22/05/2020,23/02/2017,DEQUEEN,Santa Inês
376,Brigitta,Bristoe,104913912,ahorros,"$ 46,372.42",7/03/2023,3/08/2018,GRETNA,Daji
377,Jacquenetta,Assad,242272816,ahorros,"$ 121,848.30",15/06/2020,31/08/2016,WHEELING,Shibetsu
378,Cosme,Wabb,067014123,ahorros,"$ 34,997.37",16/11/2021,7/10/2018,LAFAYETTE,Buerarema
379,Lyndell,Garrish,075902065,corriente,"$ 67,523.87",23/05/2020,21/11/2018,NAPERVILLE,Masindi
380,Shirleen,Crinidge,101101662,ahorros,"$ 131,269.32",23/01/2022,25/01/2016,PRATT,Kwolla
381,Jakie,Skitteral,075000734,corriente,"$ 95,175.41",9/11/2024,8/10/2017,NAPERVILLE,Bolembre
382,Padraig,Brooke,091001322,corriente,"$ 146,946.31",14/10/2024,6/11/2016,BLOOMINGTON,Östersund
383,Broderick,Yankeev,055001054,ahorros,"$ 108,498.20",4/06/2023,8/05/2016,PITTSBURGH,Rancho Viejo
384,Bernete,Curtoys,071000013,ahorros,"$ 190,819.31",23/02/2022,26/10/2018,BELLEVILLE,Hokor
385,Norby,Cardew,086518749,corriente,"$ 101,515.78",29/11/2022,4/08/2016,TUPELO,Dadu
386,Shanna,Cashford,011301798,corriente,"$ 30,072.79",12/03/2023,7/05/2018,LYNN,Rostov
387,Francklyn,Keeler,075901710,corriente,"$ 157,102.68",15/12/2021,4/06/2016,NAPERVILLE,Rawuk
388,Othilia,Burrells,043306855,ahorros,"$ 179,037.96",16/03/2021,3/02/2017,INDIANA,Gelgaudiškis
389,Berkie,Feckey,086519311,ahorros,"$ 186,774.72",29/11/2021,28/03/2016,PINE BLUFF,Tangcun
390,Glennie,Sarten,091201915,corriente,"$ 86,232.35",12/04/2021,28/04/2016,BLUE EARTH,Bazi
391,Lawton,Sclater,063015537,ahorros,"$ 17,365.18",7/10/2023,22/10/2018,ATLANTA,Péfki
392,Rosabel,Jacquet,275071314,corriente,"$ 176,621.55",12/11/2021,19/09/2018,NAPERVILLE,Yanhu
393,Torie,Skeldinge,211070146,ahorros,"$ 62,256.58",30/03/2024,30/04/2016,LYNN,San Antonio
394,Lorry,Aikenhead,091200738,ahorros,"$ 16,532.20",16/03/2021,18/06/2016,CHISHOLM,Mkushi
395,Marna,Lamp,065405132,corriente,"$ 56,583.50",6/08/2024,26/01/2018,RICHMOND,Ccuntuma
396,Pierette,De Angelis,011401533,corriente,"$ 17,547.95",29/12/2022,11/02/2017,RIVERSIDE,Kudusan
397,Caleb,Sherebrooke,267090691,ahorros,"$ 114,389.36",28/06/2023,16/08/2018,MIAMI,Daxing
398,Bear,Utteridge,056009233,corriente,"$ 138,210.93",26/01/2022,27/01/2017,AMHERST,Glinojeck
399,Ana,Lucas,031309385,corriente,"$ 32,967.99",13/12/2023,5/06/2017,HERMITAGE,Zalaegerszeg
400,Barbabra,Soal,113024177,corriente,"$ 187,844.62",17/11/2021,19/09/2016,JACKSON,Jinqu
401,Sadie,Fairholm,042100272,ahorros,"$ 112,556.93",15/01/2020,30/03/2017,CINCINNATI,Caujul
402,Rowen,Grennan,122106455,ahorros,"$ 131,255.66",2/02/2021,27/11/2018,KILLEEN,Shaoha
403,Genny,Spaldin,062204006,corriente,"$ 24,359.91",15/07/2022,1/09/2016,STARKVILLE,Gjoçaj
404,Emogene,Gimson,123202293,corriente,"$ 62,451.40",21/05/2020,9/05/2016,SPOKANE,Daduchuan
405,Bob,Orys,063104215,corriente,"$ 69,123.15",2/02/2025,24/04/2016,RICHMOND,Huangbayi
406,Tonie,Girauld,211470319,ahorros,"$ 140,291.95",12/01/2020,24/09/2018,RICHMOND,Selaphum
407,Cody,Hardaker,071923543,ahorros,"$ 164,466.43",16/02/2020,21/01/2018,NAPERVILLE,Punsu
408,Brook,D'Ambrogio,104106583,ahorros,"$ 95,216.46",14/01/2020,29/07/2016,MAYWOOD,Bussum
409,Sibel,Craney,111904231,corriente,"$ 91,517.11",31/07/2020,10/07/2018,SAN SABA,Ciseuseupan
410,Constanta,Diplock,081001714,corriente,"$ 214,916.24",3/05/2020,25/08/2017,NAPERVILLE,Banyubang
411,Thorstein,Snowman,102100992,ahorros,"$ 123,388.39",25/03/2022,5/07/2018,KANSAS CITY,Heshan
412,Lise,Eickhoff,053207122,ahorros,"$ 194,388.25",7/09/2020,1/09/2016,WALHALLA,Sibayo
413,Micheil,Denison,061292433,corriente,"$ 118,884.36",31/08/2020,9/12/2016,MOULTRIE,Sułoszowa
414,Marielle,Terzi,073902287,corriente,"$ 89,523.70",20/02/2025,1/12/2018,HOLSTEIN,Khasht’arrak
415,Minni,Yarrow,072401585,corriente,"$ 42,655.77",17/08/2023,4/05/2017,CLEVELAND,Bayt Dajan
416,Meryl,Selburn,104106583,corriente,"$ 82,345.93",27/03/2023,9/04/2018,MAYWOOD,Weekaka
417,Lorianna,Bethell,081210398,corriente,"$ 41,448.02",3/07/2023,3/08/2017,HARRISBURG,Santol
418,Benoit,Gomersall,103103354,corriente,"$ 66,595.75",8/02/2021,28/06/2018,OKARCHE,Isabela
419,Danit,Ram,111901467,ahorros,"$ 137,213.87",14/04/2025,25/10/2018,GAINESVILLE,Gavrilov-Yam
420,Brittaney,Cantera,021310326,ahorros,"$ 209,453.12",27/03/2025,8/01/2016,CANTON,San Bernardino
421,Rivy,Lamborne,111321270,corriente,"$ 116,403.52",1/12/2023,24/04/2018,MIDLAND,Huanggexi
422,Felicle,Mapstone,055000657,ahorros,"$ 94,633.30",5/12/2023,16/06/2018,PITTSBURGH,Patani
423,Talbert,Borchardt,081001387,corriente,"$ 207,182.04",30/11/2022,8/02/2018,BIRMINGHAM,Täby
424,Field,Beels,053274168,corriente,"$ 156,401.57",6/06/2023,27/09/2017,N CHAS,Nevel’
425,Cate,Missenden,086500634,corriente,"$ 164,982.27",17/04/2021,18/03/2018,JEFFERSON,Kimry
426,Xena,Baggarley,262285184,ahorros,"$ 123,141.78",1/12/2020,11/07/2016,PITTSBURGH,Laojiangjunjie
427,Orren,France,082900429,corriente,"$ 156,808.69",28/03/2022,22/06/2018,RICHMOND,Lauro de Freitas
428,Lurette,Loynton,067009390,corriente,"$ 140,175.39",14/10/2022,31/10/2018,MIAMI,Arroio Grande
429,Calli,Gagen,062200783,corriente,"$ 87,641.34",28/08/2024,18/03/2017,BIRMINGHAM,Xishan
430,Hillel,Coton,231372387,corriente,"$ 218,738.26",18/01/2023,9/07/2017,WYOMISSING,Pines
431,Guillaume,Nudds,065201611,corriente,"$ 90,985.83",12/08/2020,30/06/2018,NEW ORLEANS,Čoka
432,Elfreda,Udie,113125380,ahorros,"$ 141,085.17",12/09/2023,17/03/2017,DRIPPING SPRINGS,Gunjur Kuta
433,Kermie,Nequest,114901859,corriente,"$ 104,969.11",23/09/2021,24/05/2018,TAYLOR,Al Mālikīyah
434,Minnaminnie,Ewbanche,042200279,corriente,"$ 14,535.59",6/06/2023,4/09/2017,CLEVELAND,Sekampung
435,Marshal,Beentjes,051404118,corriente,"$ 51,188.59",6/10/2023,19/08/2018,PITTSBURGH,Yaxi
436,Antonius,Balassa,101110543,corriente,"$ 137,767.03",6/06/2021,25/06/2016,PHILLIPSBURG,Sugihwaras
437,Gilles,Kubyszek,043403282,ahorros,"$ 99,117.64",19/10/2022,29/08/2016,WHEELING,Gualán
438,Griz,Ewbanke,011301646,ahorros,"$ 106,770.18",17/03/2025,29/05/2018,RICHMOND,Bartolomé Masó
439,Blondy,Minico,051501299,corriente,"$ 196,534.44",8/02/2021,5/12/2017,BLUEFIELD,Jaboatão dos Guararapes
440,Salomon,Duckering,091904872,corriente,"$ 84,092.71",20/09/2022,14/08/2016,HAYFIELD,Mel’nikovo
441,Ettore,Raeside,062102933,corriente,"$ 178,327.34",28/03/2020,25/06/2016,TUPELO,Phra Phutthabat
442,Kassie,Heers,031301846,ahorros,"$ 45,589.92",3/05/2025,30/06/2018,HERMITAGE,Nangalimang
443,Vicky,Illing,051000017,ahorros,"$ 112,932.80",14/04/2024,25/06/2017,HENRICO,Gur’yevsk
444,Skippie,Dauber,011900571,corriente,"$ 105,606.66",5/02/2025,28/07/2017,HENRICO,Citundun
445,Nicoli,MacNalley,083901744,corriente,"$ 161,276.73",17/04/2020,22/08/2016,BIRMINGHAM,Ciudad Bolívar
446,Merlina,Gillie,271971829,corriente,"$ 68,669.90",16/03/2023,2/11/2018,CINCINNATI,Zhangjiafan
447,Betteanne,Howson,103107402,corriente,"$ 170,853.32",22/10/2024,11/05/2016,ELMORE CITY,Ondangwa
448,Michaela,Pallas,042206804,corriente,"$ 153,384.73",12/05/2025,13/05/2016,NEWARK,Noailles
449,Trudie,Marris,111320006,corriente,"$ 73,127.86",26/04/2020,13/11/2017,ABILENE,Göteborg
450,Cassius,Tertre,063109935,ahorros,"$ 164,492.38",11/12/2022,4/11/2018,CINCINNATI,Vientiane
451,Keen,Conibear,042102018,ahorros,"$ 185,954.18",9/10/2022,26/02/2016,FRANKFORT,Russeifa
452,Saunders,Klezmski,091206745,ahorros,"$ 122,261.16",14/11/2024,29/11/2016,MOUNTAIN IRON,Dengjia
453,Trevor,Taffee,041001013,ahorros,"$ 119,989.09",19/08/2022,21/11/2017,MARIETTA,San Francisco
454,Mohandis,Jepson,325182755,corriente,"$ 95,741.78",5/05/2024,7/02/2017,SPOKANE,Garden Grove
455,Eddy,Bragge,061204463,ahorros,"$ 50,213.85",4/07/2023,3/07/2017,CHAS,Haruman
456,Fallon,Becom,084302698,ahorros,"$ 140,168.38",28/06/2024,21/05/2016,TREZEVANT,Riangderi
457,Marney,Dain,122239021,corriente,"$ 120,855.84",16/05/2021,27/04/2016,RIVERSIDE,Rafaï
458,Saidee,Georgeon,125107736,corriente,"$ 55,305.79",9/10/2020,22/10/2018,SAN DIEGO,Serowe
459,Anallese,Klicher,107000783,ahorros,"$ 210,962.93",12/06/2021,9/01/2017,BIRMINGHAM,Kunwi
460,Taffy,Pothbury,271172987,corriente,"$ 123,479.82",9/11/2021,20/08/2016,PARIS,Bergen
461,Timmy,Smallacombe,053201814,ahorros,"$ 150,403.51",19/08/2024,25/07/2016,BIRMINGHAM,Greensboro
462,Gilda,Guerro,053904483,corriente,"$ 120,039.96",16/05/2020,28/04/2018,HENRICO,Skoki
463,Vasili,Langmead,054001709,corriente,"$ 13,082.00",7/07/2021,25/09/2017,BUFFALO,Bojonggaling
464,Consuela,Fenty,091408501,ahorros,"$ 165,180.76",10/06/2023,24/06/2017,ST. PAUL,Benchu
465,Calypso,Lavrick,111903151,corriente,"$ 50,952.13",5/10/2023,26/05/2018,HENDERSON,Tymbark
466,Homer,Nortunen,062200628,corriente,"$ 49,226.58",7/04/2025,28/06/2017,BIRMINGHAM,Bastos
467,Daron,Michieli,122105715,corriente,"$ 40,644.27",25/04/2023,20/09/2016,OKLAHOMA CITY,Głubczyce
468,Hillyer,Schiefersten,114909165,ahorros,"$ 64,683.70",15/03/2025,28/09/2016,HONDO,Mlawe
469,Orelle,Hainsworth,073904188,corriente,"$ 188,032.19",10/03/2022,21/05/2016,SIOUX FALLS,Akouda
470,Farra,Slader,211872959,corriente,"$ 41,045.21",5/12/2022,10/06/2018,PITTSFIELD,Kristiansand S
471,Nicolais,Aizlewood,053208066,ahorros,"$ 170,997.73",19/08/2020,29/07/2017,MOULTRIE,Nazaré
472,Carma,Caughtry,265270222,corriente,"$ 122,498.49",18/02/2021,3/09/2017,LAYAYETTE,Stavanger
473,Neille,Roskelley,083905546,ahorros,"$ 140,627.10",4/10/2023,31/01/2017,MILTON,Ami
474,Dallis,Apedaile,121135773,corriente,"$ 113,370.71",27/07/2022,24/02/2016,SAN JOSE,Călăraşi
475,Halley,Govier,074913233,ahorros,"$ 217,658.29",6/03/2020,3/07/2017,NAPERVILLE,Bela Vista do Paraíso
476,Sebastian,Screase,211170114,ahorros,"$ 182,296.19",10/01/2022,2/01/2018,RIVERSIDE,Tambak
477,Durand,Cawker,111103317,corriente,"$ 87,590.38",26/08/2020,12/03/2017,RICHMOND,Kallinge
478,Sidney,Critcher,091216612,ahorros,"$ 12,005.92",25/10/2022,31/07/2016,TYNDALL,Longtan
479,Herbie,Reichelt,051403517,corriente,"$ 149,039.45",6/10/2021,5/11/2016,PITTSBURGH,Järna
480,Abel,Blaber,062102292,ahorros,"$ 151,274.09",29/10/2020,28/11/2017,BRUNDIDGE,Qom
481,Barry,Wenden,111324895,ahorros,"$ 182,990.30",17/01/2024,18/09/2016,SEYMOUR,Wangmang
482,Luce,Pavie,075911373,corriente,"$ 57,173.52",4/07/2023,13/10/2017,BIRNAMWOOD,Dalai
483,Yank,De Pietri,226070856,ahorros,"$ 119,556.69",24/06/2022,25/10/2017,RICHMOND,Fort Lauderdale
484,Yancey,Ternent,075000103,ahorros,"$ 133,321.13",7/05/2023,6/03/2018,ST. PAUL,Roi Et
485,Winny,Dunkersley,283079214,corriente,"$ 157,820.66",9/11/2020,14/02/2016,ALEXANDRIA,Gīvī
486,Phillis,Dwelley,104905836,corriente,"$ 96,299.13",14/01/2020,27/06/2018,LOOMIS,Lazaro Cardenas
487,Ardis,Parish,031306168,ahorros,"$ 194,485.08",3/07/2020,9/02/2017,HERMITAGE,Bratslav
488,Wang,Andrus,063114946,corriente,"$ 47,454.11",23/12/2021,18/09/2017,ST CLOUD,Otradnoye
489,Michaeline,Gallifont,071001588,ahorros,"$ 16,159.42",15/05/2021,8/07/2017,ROSEMONT,Pokrovskoye
490,Enos,Hassell,067016037,ahorros,"$ 144,795.33",3/02/2023,8/07/2018,FT LAUDERDALE,Goranboy
491,Eloise,Tampin,256072701,corriente,"$ 30,479.86",12/09/2023,21/07/2018,MINNEAPOLIS,Gouxaria
492,Tyrone,Fetherstone,084202248,corriente,"$ 165,977.88",6/10/2021,20/02/2017,TUPELO,Quintas
493,Linus,FitzAlan,074903337,ahorros,"$ 100,652.15",17/04/2020,15/01/2018,GREENSBURG,St. Catharines
494,Kermy,Kettlestring,071108669,ahorros,"$ 126,509.43",2/11/2021,13/10/2016,SULLIVAN,Kajar
495,Daveta,Grono,065201349,ahorros,"$ 76,404.66",10/08/2024,27/09/2018,LAFAYETTE,Banbalah
496,Burlie,Renols,113002296,ahorros,"$ 49,158.25",20/02/2022,22/03/2017,JACINTO CITY,Plovdiv
497,Niel,Bertwistle,101114552,ahorros,"$ 23,857.66",18/10/2022,4/05/2018,HOPE,Xinyuan
498,Forrest,Pulford,113024504,corriente,"$ 142,690.85",23/04/2025,6/05/2016,SUGAR LAND,Johor Bahru
499,Annamaria,Frankum,322275487,ahorros,"$ 171,904.39",5/05/2022,21/12/2016,DOWNEY,Higuerote
500,Caroljean,Feldmark,211370354,ahorros,"$ 89,119.97",20/11/2022,16/08/2016,LYNN,Xiayang
501,Wyn,Joiner,111322813,ahorros,"$ 66,055.83",5/02/2022,29/08/2016,KINGFISHER,Circa
502,Elwyn,Bremond,114909013,ahorros,"$ 48,010.24",3/06/2025,9/05/2017,BIRMINGHAM,Malie
503,Hendrick,Robers,065104611,corriente,"$ 150,993.15",6/04/2024,8/02/2017,BIRMINGHAM,Esuk Oron
504,Clemmy,McVrone,104902392,corriente,"$ 179,820.90",20/09/2023,6/03/2018,WISNER,Paka
505,Suzanna,Beckensall,031311674,ahorros,"$ 85,517.16",29/04/2023,22/02/2018,INDIANA,Baro Kunda
506,Jesus,Bolesma,253170253,ahorros,"$ 217,479.80",17/02/2020,20/10/2016,ASHEBORO,Wschowa
507,Karol,McCourtie,061001323,ahorros,"$ 100,076.54",28/11/2022,28/05/2018,RICHMOND,Wanrongjiang
508,Kippie,Robic,021000322,corriente,"$ 57,702.72",12/12/2020,25/10/2017,RICHMOND,Marseille
509,Tedie,Dehn,062202257,corriente,"$ 16,584.24",14/06/2023,14/03/2016,SULLIGENT,Wiset Chaichan
510,Ronda,Mityashin,091802877,ahorros,"$ 84,240.12",2/03/2024,2/10/2018,RIVER FALLS,Solna
511,Lorelle,Stradling,053111836,ahorros,"$ 58,608.37",11/10/2021,21/10/2018,BLUEFIELD,Salaya
512,Bogart,Harron,082901868,corriente,"$ 17,674.15",10/09/2024,25/12/2016,PINE BLUFF,El Fureidīs
513,Graehme,Batterton,052173464,ahorros,"$ 194,300.56",11/05/2020,15/11/2017,AMHERST,Horodok
514,Andrea,Coryndon,322270521,corriente,"$ 124,050.31",30/08/2022,21/04/2017,TAMPA,Morelos
515,Vanessa,Shillom,083002533,corriente,"$ 110,220.40",26/04/2025,3/05/2017,LEXINGTON,Shiraz
516,Feodor,Pemberton,107005047,corriente,"$ 149,504.60",31/10/2022,15/11/2016,LAKEWOOD,Kaliwates
517,Shem,Allden,104000016,corriente,"$ 46,317.10",3/04/2025,28/09/2018,OMAHA,Galutu
518,Diahann,Perchard,071002257,corriente,"$ 21,000.82",22/06/2024,15/10/2017,ROSEMONT,Lidköping
519,Dory,Eneas,011002550,corriente,"$ 209,140.34",3/06/2023,26/10/2017,LYNN,Tallahassee
520,Ysabel,Geane,053110112,corriente,"$ 134,478.25",19/04/2023,12/03/2017,MINNEAPOLIS,Pulupandan
521,Krystalle,Welden,272471179,ahorros,"$ 210,372.09",29/06/2023,9/04/2018,MIDLAND,Paphos
522,Diana,Sausman,021272655,ahorros,"$ 155,359.62",17/11/2020,25/08/2017,NEW CASTLE,Nioro
523,Sandie,Mantha,241270291,ahorros,"$ 97,960.80",18/12/2021,14/10/2017,COLUMBUS,Amangarh
524,Maurise,Mersey,103112617,corriente,"$ 175,399.21",17/08/2021,22/12/2016,MENA,Gontar
525,Edi,Yacob,281073555,ahorros,"$ 152,213.42",26/08/2023,2/11/2016,CHAMPAIGN,Atlanta
526,Shela,Gawthrope,111101995,ahorros,"$ 146,546.89",22/07/2022,14/04/2016,RICHMOND,Orenburg
527,Rowland,Brandts,091400606,ahorros,"$ 75,284.38",13/10/2022,8/05/2017,BROOKINGS,Ciyu
528,Cate,Vause,111904338,corriente,"$ 179,886.57",24/02/2023,17/01/2016,HENDERSON,Santiago dos Velhos
529,Gennifer,Cathel,067012057,corriente,"$ 154,601.87",5/12/2024,23/02/2018,ROCKY MOUNT,Hüremt
530,Cristina,Brugemann,101114992,ahorros,"$ 152,975.57",8/02/2023,1/08/2017,KANSAS CITY,Stockholm
531,Sarena,Grene,065301197,ahorros,"$ 159,144.21",8/01/2023,16/06/2017,BELZONI,Tupiza
532,Abdel,Jervoise,054001550,corriente,"$ 87,645.72",1/10/2021,9/12/2017,CHANTILLY,Los Angeles
533,Vinnie,Matherson,081000702,ahorros,"$ 25,030.42",11/06/2024,19/02/2016,CLEVELAND,Xiangcheng
534,Tressa,Bodleigh,081518524,ahorros,"$ 194,395.03",20/07/2022,19/05/2016,CHARLESTON,Balingasag
535,Paula,Ambrosetti,063103407,corriente,"$ 184,406.89",18/05/2023,15/06/2018,LAKE WALES,Kuytun
536,Doti,Lucchi,084205559,ahorros,"$ 164,093.58",29/04/2020,5/09/2016,BELZONI,Donggang
537,Adrea,Pike,107006101,ahorros,"$ 103,205.17",15/09/2023,26/08/2017,LAKEWOOD,Las Carreras
538,Sydney,Thew,121132682,ahorros,"$ 138,947.23",17/05/2021,21/11/2017,EL MONTE,Kasungu
539,Denny,Basham,111914289,corriente,"$ 204,340.65",27/03/2023,30/07/2016,BIRMINGHAM,Jingxiyuan
540,Emmy,Teas,063114784,corriente,"$ 69,383.42",9/07/2021,24/06/2017,PITTSBURGH,Yangjiao
541,Rozanna,Capelow,226071237,corriente,"$ 189,002.48",17/07/2024,20/05/2016,READING,Buliwao
542,Andeee,Ybarra,211371191,corriente,"$ 161,856.91",2/05/2025,29/04/2016,READING,Velké Losiny
543,Leesa,O'Donegan,311093120,ahorros,"$ 164,869.65",16/02/2025,8/12/2016,HENRICO,Bagumbayan
544,Janot,Peyton,021200025,corriente,"$ 52,026.54",26/04/2022,25/08/2018,MINNEAPOLIS,Damiao
545,Noah,Holleworth,055000110,corriente,"$ 186,066.60",1/06/2023,20/03/2018,AMHERST,Buenavista
546,Zahara,Benkin,051000253,ahorros,"$ 80,023.01",29/05/2022,5/05/2018,MINNEAPOLIS,Xiaoqi
547,Brett,Hollingshead,071922670,ahorros,"$ 18,699.63",18/03/2024,18/12/2018,ITASCA,Hualin
548,Tish,Abramchik,031100490,corriente,"$ 212,707.17",14/03/2023,5/01/2016,PITTSBURGH,Victoria
549,Isac,Cowterd,231375290,corriente,"$ 207,140.22",8/07/2024,2/08/2017,HERMITAGE,Lumbayan
550,Irwinn,Jeary,063113138,ahorros,"$ 151,112.86",22/04/2023,21/07/2017,MOULTRIE,Khŭjand
551,Wylma,Rodrigues,101106560,ahorros,"$ 110,020.03",3/10/2022,5/08/2017,DIGHTON,Sidi Yahia el Gharb
552,Christopher,Iacovozzo,271971560,corriente,"$ 45,010.19",13/06/2024,2/07/2016,CLEVELAND,Helsingborg
553,Jaquelin,Paireman,071100010,ahorros,"$ 28,846.48",11/04/2020,18/11/2017,KANSAS CITY,Kafr Dān
554,Hiram,Ourtic,083905892,ahorros,"$ 199,241.40",9/11/2021,6/06/2016,RUSSELL SPRINGS,Moulay Bouchta
555,Corella,Buesden,074000078,ahorros,"$ 132,536.57",16/06/2024,7/05/2016,COLUMBUS,Zhongtang
556,Eugenio,Whear,104913048,corriente,"$ 99,030.48",3/03/2020,19/02/2018,DAVID CITY,Piggs Peak
557,Gerladina,Ramme,064108647,ahorros,"$ 45,962.49",15/11/2020,3/07/2017,PINE BLUFF,Lühua
558,Susannah,Chipchase,103902717,ahorros,"$ 164,575.92",18/07/2020,2/01/2016,TULSA,Sovetskaya Gavan’
559,Arden,Chadwyck,104102257,corriente,"$ 137,763.56",14/08/2020,4/07/2018,RANDOLPH,Sukapura
560,Estell,Kemston,101100993,ahorros,"$ 89,755.44",17/03/2022,19/03/2017,ARKANSAS CITY,Sioux City
561,Rinaldo,Poyle,122237544,corriente,"$ 213,426.18",25/03/2025,12/02/2018,ONTARIO,Lagoa
562,Alexi,Stuchberry,082901826,corriente,"$ 179,565.32",9/04/2021,22/10/2016,LAFAYETTE,Yeniköy
563,Jodi,Higgonet,061020317,corriente,"$ 110,417.03",21/12/2020,8/11/2016,LAFAYETTE,Klang
564,Kliment,Jzak,073903312,ahorros,"$ 154,466.15",20/06/2020,11/03/2018,CHARLES CITY,Xiangfu
565,Ainslee,Wastie,053112246,ahorros,"$ 107,038.10",24/10/2023,10/06/2017,ELIZABETH CITY,Atlantis
566,Durward,Penhalewick,065404544,ahorros,"$ 134,207.01",23/05/2023,13/06/2016,COVINGTON,Choisy-le-Roi
567,Francesca,Trahear,273970585,ahorros,"$ 111,636.65",2/06/2025,13/07/2016,SPRINGFIELD,Irará
568,Quintin,Kale,091806381,corriente,"$ 191,062.16",30/11/2021,10/02/2016,OSSEO,Kagoro
569,Nanette,Benian,084101323,corriente,"$ 106,595.57",13/09/2024,2/05/2018,LAFAYETTE,Ipoh
570,Carol-jean,McDunlevy,111307430,ahorros,"$ 190,376.42",23/03/2024,27/06/2016,BAIRD,Xindong
571,Calla,Molnar,021031207,ahorros,"$ 194,335.11",27/07/2024,16/12/2016,TAMPA,Krajan Kerjo
572,Winfred,Gladden,251473758,corriente,"$ 47,396.93",4/12/2021,3/06/2018,CROSS LANES,Cigembong
573,Evvy,Penn,072413858,corriente,"$ 111,614.60",7/08/2021,23/06/2016,MIDLAND,Kampene
574,Doe,Elder,026007906,corriente,"$ 202,226.96",16/10/2020,2/07/2017,NEW YORK,Qianzhou
575,Kathlin,Sheaf,061102701,corriente,"$ 75,869.83",9/06/2024,2/06/2018,BLAIRSVILLE,Petro-Slavyanka
576,Rafaello,Trineman,103000619,ahorros,"$ 109,600.40",17/12/2024,6/02/2018,KANSAS CITY,Alor Setar
577,Lotta,Raddan,062103136,ahorros,"$ 89,143.86",2/09/2021,20/06/2018,BIRMINGHAM,Tbilisskaya
578,Horacio,Artz,111912197,ahorros,"$ 196,019.50",16/08/2020,20/10/2016,CORSICANA,Yangjingziwan
579,Alia,Copo,111104947,corriente,"$ 78,327.16",31/05/2023,22/02/2017,RICHMOND,Djibo
580,Berty,Antonias,211174233,ahorros,"$ 31,173.42",5/05/2023,19/05/2017,LEWISTON,Beidao
581,Adora,Valentinetti,111101157,corriente,"$ 174,450.34",29/05/2022,26/04/2018,RICHMOND,Jorong Lauk
582,Phil,Trye,111311785,corriente,"$ 144,406.89",4/11/2021,19/07/2018,MERTZON,Busungbiu
583,Rosabelle,Seery,122242018,corriente,"$ 46,961.41",28/09/2020,21/02/2017,EL MONTE,Levallois-Perret
584,Birgitta,De Giorgio,125108858,corriente,"$ 52,216.09",11/04/2021,4/09/2018,SPOKANE,Omaha
585,Zilvia,Duns,084006729,corriente,"$ 118,763.50",13/11/2021,25/01/2016,JACKSON,Tumaco
586,Caressa,Margery,254075454,corriente,"$ 86,295.77",26/12/2020,25/11/2018,ALEXANDRIA,Tonggu
587,Cathyleen,Emmerson,111901580,ahorros,"$ 32,985.90",3/06/2023,9/01/2018,BROWNWOOD,Ōmiya
588,Stefan,McCourt,053010445,corriente,"$ 38,340.53",24/11/2023,20/07/2018,RALEIGH,Pulau Pinang
589,Garrek,Robley,091301815,ahorros,"$ 98,914.21",23/07/2022,27/11/2017,MOTT,Bitobe
590,Deane,Staggs,063015537,ahorros,"$ 31,914.04",8/06/2022,31/05/2017,ATLANTA,Kolsh
591,Leonore,Arpino,053112437,corriente,"$ 118,199.69",15/12/2024,26/03/2018,MARTINSVILLE,Kompóti
592,Kevyn,Elloway,091300719,corriente,"$ 92,150.18",18/11/2021,17/02/2017,FARGO,Holice
593,Derward,Sandeman,021404465,ahorros,"$ 132,426.55",25/09/2020,23/09/2018,RICHMOND,Stráž nad Nisou
594,Lonna,Mandrey,122242704,ahorros,"$ 47,118.28",11/02/2023,29/12/2017,MORRIS PLAINS,Zmiennica
595,Morrie,Mostin,062205937,corriente,"$ 127,700.68",29/08/2020,14/05/2016,TUPELO,Zubūbah
596,Zed,Sessions,091501767,ahorros,"$ 75,246.88",9/11/2020,23/03/2018,NAPERVILLE,Al Ḩāmūl
597,Edin,Huglin,071922227,ahorros,"$ 119,487.77",12/12/2020,19/10/2018,NAPERVILLE,Milanówek
598,Thurstan,Kubas,075906061,ahorros,"$ 181,534.56",14/08/2021,19/08/2018,NAPERVILLE,Kissónerga
599,Matthus,Tanton,063106006,corriente,"$ 58,408.33",23/12/2021,22/12/2017,RICHMOND,Pontes
600,Donovan,Sewell,072410013,corriente,"$ 55,789.06",11/12/2022,21/07/2016,MIDLAND,Dongfu
601,Nettle,Grishelyov,022309239,ahorros,"$ 174,499.88",2/05/2022,10/08/2016,ENGLEWOOD CLIFFS,Zhujiatai
602,Brock,Heinl,084304243,ahorros,"$ 52,532.38",17/12/2022,10/03/2017,PINE BLUFF,Yanzhou
603,Emogene,Casoni,125103882,ahorros,"$ 179,596.23",18/05/2020,16/10/2017,WINTHROP,Tarbes
604,Karalynn,Adnett,091400525,ahorros,"$ 213,403.94",9/08/2023,14/07/2016,PIERRE,Tranås
605,Odelia,Philp,042204932,corriente,"$ 65,883.35",14/04/2023,31/03/2016,MARIETTA,Täby
606,Rad,Kestell,072413654,corriente,"$ 122,771.70",16/01/2024,2/03/2016,MIDLAND,Enköping
607,Betsey,Brehault,322280485,corriente,"$ 208,631.50",2/09/2024,7/02/2018,BREA,Mafang
608,Neddie,Hulke,322270356,ahorros,"$ 33,424.92",9/10/2022,4/01/2018,ST PAUL,Cibogo
609,Bev,Cromley,275071408,ahorros,"$ 137,125.61",2/09/2024,15/03/2016,CLEVELAND,Santiago do Cacém
610,Ilse,Gimber,064103833,corriente,"$ 183,002.98",9/03/2020,23/12/2016,CINCINNATI,Cherkasskoye
611,Elyn,Dun,086518723,corriente,"$ 124,767.92",2/06/2022,7/02/2016,PINE BLUFF,Vale Boeiro
612,Heath,Dunican,123006389,corriente,"$ 12,593.07",26/03/2021,1/04/2016,BUFFALO,Lanigan
613,Rob,Arch,284272780,ahorros,"$ 193,798.16",14/06/2020,9/12/2017,TUPELO,Malabor
614,Maurise,Brigman,075908218,corriente,"$ 111,070.21",6/11/2024,8/05/2016,NAPERVILLE,Bireun
615,Trenna,Malzard,055002480,corriente,"$ 107,734.53",5/11/2021,2/11/2016,HERMITAGE,Sarkand
616,Charlton,McCart,111312739,ahorros,"$ 197,650.93",30/01/2025,11/10/2018,BAIRD,El Puerto
617,Magnum,Webborn,071006282,ahorros,"$ 124,264.28",12/01/2025,30/01/2016,LOS ANGELES,Árgos
618,Ardath,Toffler,111921230,corriente,"$ 120,449.30",23/05/2020,17/06/2017,CLEBURNE,Ghormach
619,Jeremiah,Lind,325070760,ahorros,"$ 111,447.65",16/01/2023,25/05/2017,TAMPA,Jiulong
620,Oberon,Catterell,211174136,corriente,"$ 195,066.45",2/09/2021,9/05/2016,NEW BRITAIN,Remscheid
621,Helen-elizabeth,Manby,122242034,ahorros,"$ 131,129.27",18/01/2023,8/04/2018,SAN DIEGO,El Aguilar
622,Corrie,Zavattieri,081511754,corriente,"$ 179,659.83",26/05/2020,23/05/2018,MONETT,Leudelange
623,Tiffy,Arkcoll,011303110,ahorros,"$ 67,176.97",14/06/2020,15/10/2017,LYNN,Bei’an
624,Mackenzie,Czaja,124300806,corriente,"$ 156,950.71",26/03/2025,5/01/2016,EVANSTON,Lukashin
625,Willie,Brailsford,031302638,ahorros,"$ 159,291.82",24/12/2023,15/04/2017,HERMITAGE,Sindangsari
626,Alia,Martlew,091904267,ahorros,"$ 106,924.89",21/04/2020,13/03/2017,LE CENTER,Delft
627,Bernadine,Krolik,064102397,ahorros,"$ 33,452.87",22/06/2021,8/11/2017,BIRMINGHAM,Huillapima
628,Alfie,Goodrich,111924787,corriente,"$ 27,953.81",22/10/2020,13/07/2017,WICHITA FALLS,Kowale
629,Susanne,Thomen,051400361,corriente,"$ 176,185.17",26/10/2024,27/05/2018,RICHMOND,Bridgetown
630,Sadie,Pollack,111924392,ahorros,"$ 171,641.99",14/04/2020,24/11/2018,FRISCO,Saurimo
631,Lyn,Lilian,083901650,corriente,"$ 62,125.09",29/03/2022,1/07/2016,FRANKFORT,Horní Bříza
632,Kerianne,Vanini,114902683,ahorros,"$ 205,766.19",5/09/2023,2/01/2018,SAN DIEGO,Fuerte
633,Irita,Jenkyn,122105728,ahorros,"$ 198,155.19",11/03/2021,26/06/2016,OKLAHOMA CITY,Chernogorsk
634,Elora,Milkin,107003418,ahorros,"$ 191,146.41",28/10/2022,23/08/2016,BRUSH,Sendai
635,Bianca,Crimin,221371246,corriente,"$ 196,874.14",16/04/2023,1/08/2017,RICHMOND,Laidian
636,Nikkie,Gregr,113122655,ahorros,"$ 22,119.00",7/07/2021,18/04/2017,SUGAR LAND,Nginjen
637,Yolande,Ateggart,043305092,corriente,"$ 88,810.30",10/08/2022,9/09/2017,LATROBE,Naran-mandokhu Somon
638,Ardith,Foat,101102496,ahorros,"$ 69,844.44",22/03/2024,18/07/2017,ELLSWORTH,Danao
639,Jed,Heakins,084302122,ahorros,"$ 111,017.05",8/10/2023,14/01/2017,JACKSON,Kansas City
640,Terrell,Sansun,091204763,corriente,"$ 65,265.94",27/04/2023,18/02/2018,HENNING,Maloco
641,Ofella,Hedworth,267091250,corriente,"$ 213,551.09",23/06/2024,10/06/2018,LAFAYETTE,Pulau Pinang
642,Chrotoem,Gullick,123200088,corriente,"$ 114,642.21",23/05/2024,2/04/2017,LAKEWOOD,Ngeru
643,Oliver,Pidgen,221471094,corriente,"$ 194,670.67",6/09/2020,4/12/2016,HICKSVILLE,Chaka
644,Westbrook,Leek,061204654,corriente,"$ 149,463.19",30/05/2024,20/04/2016,CHAS,Sel’tso
645,Susette,Stobart,092905168,ahorros,"$ 19,249.16",20/05/2023,14/01/2017,MINNEAPOLIS,Colombes
646,Annamaria,Surgener,114904979,ahorros,"$ 198,153.01",13/12/2022,23/06/2016,SUGARLAND,Shcherbinka
647,Edin,Arendsen,122241941,corriente,"$ 53,734.11",12/06/2022,8/03/2016,SAN DIEGO,Chropyně
648,Nevsa,Grogono,122242924,corriente,"$ 79,848.77",23/04/2022,13/09/2016,CARLSBAD,Stan-Bekhtemir
649,Sorcha,Seif,111316887,corriente,"$ 205,093.64",6/12/2024,2/01/2017,LUBBOCK,Rueil-Malmaison
650,Rosmunda,Milmoe,111906161,ahorros,"$ 216,138.31",17/03/2023,15/11/2017,GRANBURY,Baltimore
651,Miranda,Wedon,031313261,ahorros,"$ 54,302.30",14/09/2022,6/03/2017,HERMITAGE,Pitogo
652,Lira,Blackman,101101659,corriente,"$ 185,280.29",1/12/2024,22/10/2018,PRATT,Paraguaçu Paulista
653,Shannen,Upsale,021300640,ahorros,"$ 51,160.52",19/10/2022,30/07/2016,BUFFALO,Albany
654,Gianina,Orth,101000019,corriente,"$ 188,051.00",9/01/2025,3/08/2016,KANSAS CITY,Al Qūşīyah
655,Sax,Melvin,103100467,ahorros,"$ 41,470.33",25/10/2023,28/07/2017,CHICKASHA,Terneuzen
656,Verena,Riordan,044115443,ahorros,"$ 103,254.80",16/04/2022,20/08/2018,TAMPA,El Potrero
657,Isador,Greenshiels,081205112,corriente,"$ 138,799.37",19/10/2023,19/04/2018,VANDALIA,Ilopango
658,Otis,Dutt,121136785,ahorros,"$ 52,103.06",13/08/2023,8/04/2017,PORTLAND,Asahikawa
659,Bendix,Blastock,042100175,corriente,"$ 178,192.86",21/02/2022,5/09/2017,ST. PAUL,Sandakan
660,Wolfy,Roxbrough,071923190,ahorros,"$ 61,759.58",22/04/2020,21/06/2018,CINCINNATI,Pagelaran
661,Gilli,Poyser,125107765,ahorros,"$ 210,629.73",20/11/2024,4/08/2016,SPOKANE,Verkhnyaya Tura
662,Angeli,Heinle,011101613,corriente,"$ 25,648.21",3/06/2020,16/08/2018,NEW BRITAIN,Reims
663,Bamby,Monro,021409567,ahorros,"$ 97,195.22",19/07/2020,24/02/2018,RICHMOND,Huurch
664,Nanon,Tite,111914302,corriente,"$ 93,062.84",19/10/2021,25/09/2017,GILMER,Sabana Grande
665,Tobye,Hodgin,121137506,corriente,"$ 66,919.85",12/06/2020,11/04/2018,HAZELWOOD,Novaya Chigla
666,Franklin,Tincey,111901467,ahorros,"$ 95,512.20",25/07/2020,12/11/2016,GAINESVILLE,Mionica
667,Jud,Novello,051402961,corriente,"$ 66,554.17",12/10/2021,9/08/2016,MINNEAPOLIS,Donglai
668,Loralie,Van't Hoff,026014041,ahorros,"$ 148,928.71",16/11/2024,23/05/2017,WAYNE,Banjar Bau Kawan
669,Nonna,Borkin,086506955,ahorros,"$ 212,993.90",4/12/2023,12/11/2016,PINE BLUFF,Enschede
670,Ronica,Renshell,072412972,corriente,"$ 85,470.74",17/07/2022,1/09/2017,BELDING,Dadong’ao
671,Emlyn,Hairsine,011402008,ahorros,"$ 107,324.13",23/03/2020,30/04/2016,ALBANY,Bagani
672,Augustin,Lait,091406972,corriente,"$ 136,752.19",16/01/2023,7/03/2018,AVON,Vitry-sur-Seine
673,Krista,Laundon,071118798,ahorros,"$ 166,166.45",5/04/2021,23/02/2018,ORANGEVILLE,Offa
674,Ezmeralda,Yeoland,086518723,ahorros,"$ 73,742.20",3/11/2021,5/04/2017,PINE BLUFF,Umuarama
675,Cass,Olufsen,082000109,ahorros,"$ 12,416.25",15/05/2025,23/03/2018,BIRMINGHAM,Mnogoudobnoye
676,Marya,Beardshaw,111916326,ahorros,"$ 69,885.08",21/07/2021,7/06/2016,MCKINNEY,Unquillo
677,Marnia,Grocott,026004970,ahorros,"$ 206,995.49",24/08/2020,2/09/2018,EL MONTE,Mendenrejo
678,Sancho,Adlington,072404142,corriente,"$ 157,977.28",11/06/2022,23/10/2016,MIDLAND,Qingyang
679,Valera,Oloshin,111103317,ahorros,"$ 184,571.96",2/01/2021,9/12/2018,RICHMOND,Paprotnia
680,Laurie,Fusco,211174369,corriente,"$ 20,232.75",24/05/2025,16/07/2017,ALBANY,Ti-n-Essako
681,Kath,Candy,053107963,corriente,"$ 57,971.64",7/11/2023,10/05/2018,MINNEAPOLIS,Kenamoen
682,Danielle,Nassau,111915770,corriente,"$ 89,181.02",28/08/2023,14/07/2017,DUBLIN,Manta
683,Rosabelle,Rangall,043317679,ahorros,"$ 151,168.84",8/05/2024,19/01/2018,HERMITAGE,Dziemiany
684,Arel,Oty,086518723,corriente,"$ 179,991.13",3/09/2020,26/08/2018,PINE BLUFF,San Marcos
685,Nikolai,Aspinwall,221371822,corriente,"$ 40,342.41",19/09/2023,2/09/2016,BUFFALO,Svetogorsk
686,Tomasine,Durbyn,043300712,ahorros,"$ 18,435.10",15/01/2022,9/08/2017,HERMITAGE,Shadui
687,Alaine,Boissieux,055001766,corriente,"$ 88,981.05",23/05/2023,9/02/2016,PITTSBURGH,Letuyi
688,Crysta,Polk,072406768,corriente,"$ 153,527.62",29/01/2025,10/07/2018,MIDLAND,Mopti
689,Audry,Teodori,086518723,corriente,"$ 152,659.87",12/12/2020,5/02/2016,PINE BLUFF,Sigayevo
690,Mei,Pimerick,242272188,corriente,"$ 117,759.88",17/08/2023,23/05/2017,CINCINNATI,Thị Trấn Yên Thịnh
691,Elisabet,Benns,123203218,ahorros,"$ 60,532.35",15/03/2021,8/08/2017,LAKEWOOD,Bergen
692,Lesley,Ridgers,086500634,corriente,"$ 51,181.45",14/08/2024,27/08/2018,JEFFERSON,Kuantan
693,Mort,Bexley,102103630,corriente,"$ 19,682.18",12/05/2020,22/11/2016,HUGO,Klenovyy
694,Alic,Wooffitt,065200515,ahorros,"$ 140,716.51",20/08/2024,4/11/2017,CROWLEY,Maykor
695,Geri,Ciccetti,064208437,ahorros,"$ 39,765.01",5/07/2020,23/02/2018,MEMPHIS,Paris La Défense
696,Urban,Ainsworth,021200339,corriente,"$ 48,038.15",19/06/2024,14/03/2017,HENRICO,Datong
697,Ebenezer,Dunster,072401064,corriente,"$ 128,228.18",11/05/2023,18/03/2017,DETROIT,Szczecin
698,Lisle,Craigmile,107004695,ahorros,"$ 27,174.12",21/01/2020,19/04/2017,LAKEWOOD,Rawa Mazowiecka
699,Free,Stalf,051405670,ahorros,"$ 31,646.76",8/02/2021,13/09/2016,SUFFOLK,Businovo
700,Tobe,Behne,044015747,ahorros,"$ 200,431.76",31/01/2023,26/11/2018,DALEVILLE,Neglasari
701,Dana,Evert,065303069,ahorros,"$ 175,165.16",3/01/2025,26/02/2018,BELZONI,Azilal
702,Alexia,Francombe,043400036,corriente,"$ 26,151.49",27/01/2024,25/07/2016,WHEELING,Talok
703,Jaime,Risman,074913660,corriente,"$ 146,904.15",26/09/2024,7/02/2016,DALEVILLE,Uummannaq
704,Viviyan,Cayton,072410123,ahorros,"$ 111,831.49",14/09/2022,6/07/2016,COLUMBUS,Noeltoko
705,Adel,Dikle,102300268,ahorros,"$ 45,487.50",1/10/2020,19/12/2017,EVANSTON,Gbawe
706,Gabriellia,Yirrell,071905613,ahorros,"$ 102,542.44",1/04/2023,20/12/2017,OMAHA,Jubaoshan
707,Starla,Belhomme,086300041,corriente,"$ 148,069.37",24/05/2023,27/11/2016,CINCINNATI,Yihe
708,Garnette,Rapps,121143697,ahorros,"$ 22,495.64",18/06/2024,30/04/2016,SAN JOSE,Taihe Chengguanzhen
709,Sondra,Barnardo,111904150,ahorros,"$ 95,093.94",20/07/2024,15/12/2016,CARTHAGE,Qadsīyā
710,Fairlie,Gohier,123006389,corriente,"$ 92,531.13",30/12/2021,12/05/2016,BUFFALO,Balong
711,Dorothee,Kadwallider,125200060,corriente,"$ 35,245.57",7/09/2022,6/02/2018,ANCHORAGE,Al Baqāliţah
712,Dalis,O'Meara,075900986,corriente,"$ 142,876.67",9/10/2020,20/03/2018,NAPERVILLEL,Platagata
713,Merrielle,Waterhouse,072402076,corriente,"$ 215,956.05",4/06/2022,11/05/2018,RIVERSIDE,Callahuanca
714,Karrah,Goudy,067012413,ahorros,"$ 124,290.34",13/04/2023,1/04/2017,FT LAUDERDALE,Uruçuca
715,Didi,Cartman,271173452,ahorros,"$ 82,885.80",29/09/2020,25/09/2018,SPRINGFIELD,Bayan Uula Sumu
716,Jocko,Lerwill,221572838,corriente,"$ 50,058.51",9/08/2022,19/03/2018,SAN JUAN,Zvishavane
717,Waylan,Burgill,091212179,corriente,"$ 144,011.38",1/08/2023,8/01/2018,ATLANTIC,Baki
718,Evanne,Novill,101113676,corriente,"$ 97,712.67",12/06/2020,23/03/2017,DWIGHT,Independencia
719,Gaby,Knell,042200279,corriente,"$ 194,732.14",28/01/2021,11/06/2016,CLEVELAND,Stanisław Górny
720,Konstance,Dowzell,011000138,ahorros,"$ 186,379.31",29/04/2022,21/04/2018,HENRICO,Shu
721,Isador,Capaldi,065301155,ahorros,"$ 129,594.66",13/05/2020,2/09/2017,BIRMINGHAM,Thị Trấn Trùng Khánh
722,Neilla,Dionisio,021913655,ahorros,"$ 207,247.91",6/12/2024,29/01/2016,MONTEBELLO,Los Patios
723,Anthia,Kellett,104900721,ahorros,"$ 144,090.35",4/02/2024,25/05/2016,OMAHA,La Reforma
724,Efren,Bicheno,103112507,corriente,"$ 53,972.60",5/09/2021,23/07/2018,STILWELL,Lewoduli
725,Rebbecca,Honack,082903293,ahorros,"$ 14,231.51",22/03/2020,14/12/2016,PINE BLUFF,Tajumulco
726,Jarib,Mungan,101918965,ahorros,"$ 57,017.33",15/06/2023,9/03/2018,RICHMOND,Tongxing
727,Berny,Bjorkan,124001545,ahorros,"$ 133,060.10",19/09/2021,16/12/2017,TAMPA,Nempel
728,Elyse,Doman,053112275,ahorros,"$ 48,598.35",4/04/2024,28/11/2016,HERMITAGE,Pasar
729,Salomon,Vaan,041202113,ahorros,"$ 196,391.22",20/10/2020,7/12/2017,COLUMBUS,Banjar
730,Lindon,Redish,122106154,corriente,"$ 122,488.39",2/02/2025,15/10/2017,OKLAHOMA CITY,West End
731,Adrea,Freezor,072412435,ahorros,"$ 80,335.70",13/09/2023,29/08/2016,EAST LANSING,Wangzha
732,Johannah,Wrathall,065403626,ahorros,"$ 52,923.67",6/07/2022,16/08/2018,BIRMINGHAM,Mâcon
733,Araldo,Taylorson,065400153,corriente,"$ 111,307.80",7/03/2020,16/08/2018,NEW ORLEANS,Si’erbao
734,Galvin,Bolletti,081517981,corriente,"$ 167,407.67",7/09/2020,9/12/2016,SPRINGFIELD,Songgai
735,Yves,Ughini,122105854,ahorros,"$ 144,262.56",15/02/2023,27/02/2018,NAPERVILLE,Kalej
736,Ernesto,Rowena,111909825,corriente,"$ 21,898.19",19/06/2024,23/02/2018,GILMER,Kokstad
737,Mureil,Wormell,083902374,corriente,"$ 34,526.32",23/09/2022,12/10/2017,CINCINNATI,Cholargós
738,Steffen,Denecamp,063114784,corriente,"$ 97,053.70",5/10/2021,9/06/2017,PITTSBURGH,Três Lagoas
739,Xymenes,Tynan,064206031,ahorros,"$ 39,229.02",13/01/2025,23/03/2017,LAFOLLETTE,Suizhong
740,Hunt,Escolme,263189865,ahorros,"$ 119,809.67",26/06/2021,3/02/2017,TAMPA,Summerside
741,Jules,Guerreru,274970063,ahorros,"$ 94,306.24",25/08/2022,22/04/2018,CINCINNATI,Puerto Boyacá
742,Kala,Molian,322283178,corriente,"$ 47,791.38",23/07/2020,8/10/2017,TORRANCE,Carbajales
743,Ezequiel,Gurry,102101700,ahorros,"$ 71,649.98",27/03/2024,31/07/2018,HOTCHKISS,Hengfeng
744,Toiboid,Dales,064208398,corriente,"$ 191,750.78",18/04/2020,9/06/2016,MADISONVILLE,Nanhe
745,Mellie,Cossington,021202609,corriente,"$ 139,461.73",4/01/2025,5/10/2017,RICHMOND,Västerås
746,Stephie,Shortall,321070227,ahorros,"$ 91,301.73",5/04/2025,25/05/2016,ST PAUL,Niamey
747,Tam,Tickle,101000048,ahorros,"$ 73,908.61",26/07/2024,18/04/2018,MINNEAPOLIS,Lanshan
748,Leona,Postlethwaite,061204913,corriente,"$ 168,413.53",16/03/2025,15/01/2016,FITZGERALD,Knivsta
749,Michele,Lowres,053203210,ahorros,"$ 86,699.35",27/01/2024,12/01/2016,HOLLY HILL,Burauen
750,Nissie,Olyff,061102549,ahorros,"$ 42,445.72",20/02/2021,20/02/2017,CHAS,Goubétto
751,Rozele,Borchardt,043318092,ahorros,"$ 79,666.50",19/01/2023,17/08/2017,HERMITAGE,Abucayan
752,Bartholomeus,Curless,125104425,corriente,"$ 52,065.21",2/07/2024,27/11/2017,LYNDEN,Banjar Kajanan
753,Ichabod,Greader,083901773,ahorros,"$ 131,448.86",21/08/2023,8/04/2018,PRINCETON,Huangchen
754,Bianca,Showers,111925045,ahorros,"$ 140,471.52",15/08/2022,14/11/2018,GAINESVILLE,Bukavu
755,Marlee,Rickis,125108065,ahorros,"$ 120,999.83",31/10/2021,23/04/2018,SPOKANE,Dukhovnitskoye
756,Adolf,Petri,071924584,corriente,"$ 30,857.21",30/09/2021,25/03/2016,OMAHA,Jubung
757,Tod,Haye,042000424,corriente,"$ 82,766.30",3/11/2021,29/01/2017,CLEVELAND,Buikwe
758,Bordy,Girdwood,321170444,corriente,"$ 181,329.85",5/08/2021,6/01/2018,ENGLEWOOD CLIFFS,Châteaurenard
759,Clemente,Pridmore,011000206,corriente,"$ 198,447.14",10/07/2024,15/08/2017,RICHMOND,Hanjia
760,Reid,Chipman,072409888,corriente,"$ 135,489.90",17/07/2021,20/10/2017,CINCINNATI,Fukadale
761,Shawnee,Neeson,122238543,corriente,"$ 119,971.01",24/09/2020,15/06/2018,ONTARIO,Kỳ Anh
762,Peta,Marryatt,064108605,corriente,"$ 18,363.48",30/12/2020,7/07/2018,SHELBYVILLE,Eksjö
763,Norbie,Llewellen,082901839,ahorros,"$ 194,769.52",18/12/2021,7/01/2016,MAGNOLIA,Kansas City
764,Isador,Lemerie,053202279,ahorros,"$ 170,009.61",12/06/2020,21/07/2017,N. CHAS,Banjar Tengahbelayu
765,Sutherland,McVity,091206389,ahorros,"$ 75,783.47",28/04/2020,23/04/2017,ASHBY,Bonabéri
766,Jedidiah,Biggar,121141288,ahorros,"$ 176,101.31",15/11/2021,30/11/2018,MINNEAPOLIS,Kebonkai
767,Reggie,Yarnold,322285846,ahorros,"$ 19,413.36",22/05/2023,12/04/2018,ST PAUL,Paris La Défense
768,Pollyanna,Elfe,101218856,corriente,"$ 127,278.95",22/10/2022,3/03/2018,KANSAS CITY,Wewit
769,Moe,Ferrarini,063114632,ahorros,"$ 190,749.89",5/12/2024,11/02/2017,PITTSBURGH,Zaplavnoye
770,Edin,Brumfield,121141107,corriente,"$ 80,032.22",19/10/2021,23/12/2017,PORTLAND,Cachachi
771,Timmy,Kidsley,113122804,ahorros,"$ 69,143.27",2/02/2022,5/07/2017,DIBOLL,Meadow Lake
772,Vivi,Matthaus,111901580,corriente,"$ 101,735.86",28/02/2020,15/08/2018,BROWNWOOD,Banjar Yehsatang
773,Marianna,Cordelette,081519507,ahorros,"$ 139,188.70",1/06/2025,24/11/2016,DEXTER,Shihuiqiao
774,Abner,Tann,041201512,ahorros,"$ 100,392.42",12/03/2024,7/11/2016,NEWARK,Isoka
775,Mordecai,Kigelman,221270347,ahorros,"$ 129,104.32",20/04/2024,17/04/2016,RICHMOND,les Escaldes
776,Adham,Grimwood,071921396,corriente,"$ 140,180.95",24/07/2024,6/12/2016,NAPERVILLE,Lamalera
777,Karolina,Jones,011200365,ahorros,"$ 216,812.87",12/04/2024,26/02/2016,HENRICO,Tena
778,Boy,Woolnough,021206715,ahorros,"$ 138,396.91",22/11/2023,5/02/2018,WAYNE,Canomoy
779,Wyatan,Sholl,043315561,ahorros,"$ 58,959.27",6/04/2020,24/10/2018,INDIANA,Yangmiao
780,Lois,Rowlings,122243172,ahorros,"$ 82,723.03",6/07/2023,24/05/2017,LOS ANGELES,Bulls
781,Corny,Coppens,021200012,corriente,"$ 115,483.17",20/08/2023,18/02/2017,PITTSBURGH,Jimeta
782,Lucio,Lowless,107006059,ahorros,"$ 77,766.47",29/11/2020,16/08/2016,LAKEWOOD,Uruçuca
783,Claudian,Kalinsky,067016105,corriente,"$ 142,707.86",31/03/2024,17/02/2016,FT. LAUDERDALE,Göteborg
784,Shermie,Lever,101005483,corriente,"$ 62,310.71",19/04/2024,15/11/2016,LEE'S SUMMIT,San Francisco
785,Micaela,Pavlenkov,082907736,corriente,"$ 184,194.30",22/06/2023,6/08/2018,BATESVILLE,Kristiansand S
786,Malcolm,Tweed,053100559,corriente,"$ 86,528.02",22/01/2022,9/11/2018,RICHMOND,Sicamous
787,Arvy,Mettetal,114922980,ahorros,"$ 173,228.97",21/03/2021,15/03/2017,SUGAR LAND,Hoogeveen
788,Amandie,Hardes,081017711,corriente,"$ 162,198.61",21/07/2022,2/04/2016,PINE BLUFF,Remas
789,Bertie,Gudgion,123204071,ahorros,"$ 197,554.12",28/12/2021,23/09/2016,SPOKANE,Qingyang
790,Frederick,Whimpenny,062201892,corriente,"$ 213,679.23",8/08/2024,7/01/2016,LINEVILLE,Trogan Barat
791,Aura,Moscone,044115760,ahorros,"$ 200,369.19",20/05/2020,22/05/2018,CINCINNATI,Mangkon Daja
792,Caren,Dellit,111322910,ahorros,"$ 129,790.20",11/06/2025,22/09/2017,AMARILLO,Jablanovec
793,Judon,Antcliff,062202134,corriente,"$ 188,746.83",28/03/2023,15/11/2017,BIRMINGHAM,Mondim de Basto
794,Odelia,Stannis,102103287,corriente,"$ 207,421.43",27/03/2023,3/04/2017,HOTCHKISS,Huangbao
795,Susy,Threlkeld,051409142,corriente,"$ 56,709.85",19/01/2022,17/08/2017,BLUEFIELD,Zhongba
796,Shandra,Pressland,322270408,ahorros,"$ 31,573.44",3/11/2020,22/07/2017,BIRMINGHAM,Eindhoven
797,Hermine,Brabon,021309997,corriente,"$ 96,342.74",10/12/2024,25/06/2016,CAPE VINCENT,Halong
798,Manolo,Tearle,107006392,ahorros,"$ 90,668.97",17/08/2024,6/06/2017,LAKEWOOD,Klaeng
799,Keefe,Carstairs,061203338,ahorros,"$ 139,945.15",26/08/2021,22/09/2017,BAINBRIDGE,Xiaogang
800,Haroun,Newlove,061120291,corriente,"$ 104,125.28",15/08/2021,22/01/2017,BLAIRSVILLE,Sarae
801,Jyoti,Paolone,061192753,corriente,"$ 83,046.92",6/04/2022,16/07/2017,LEXINGTON,Kladi
802,Anica,Beddie,051904524,ahorros,"$ 133,475.49",10/03/2020,22/05/2018,CROSS LANES,Jiangzhang
803,Antonina,Carnegy,053208176,corriente,"$ 81,336.33",8/03/2021,21/09/2016,THOMASVILLE,Concord
804,Colette,Spaunton,051404260,corriente,"$ 29,497.91",14/04/2025,6/03/2018,WILSON,Turbaco
805,Lorrie,Faireclough,061204612,ahorros,"$ 98,396.08",13/01/2021,6/05/2016,MOULTRIE,Izumiōtsu
806,Milo,Yukhnev,063114690,ahorros,"$ 37,237.46",29/04/2022,26/10/2017,STARKVILLE,El Caño
807,Maurita,Herculeson,111908004,corriente,"$ 66,230.08",14/02/2021,23/07/2017,SEYMOUR,Pingshi
808,Leigha,Cornelis,103101822,corriente,"$ 187,611.66",1/02/2021,22/01/2016,CLINTON,Bingerville
809,Mikaela,Slaney,053112686,corriente,"$ 13,995.99",1/11/2023,5/07/2016,HERMITAGE,Mamboma
810,Ave,Phillot,122287183,ahorros,"$ 13,237.13",14/10/2021,7/04/2018,CARLSBAD,Al Wajh
811,Grayce,Clemoes,111906271,ahorros,"$ 66,639.41",5/02/2024,4/05/2017,KILLEEN,Nancy
812,Peyter,Washington,111313631,corriente,"$ 110,921.78",1/08/2024,23/04/2017,CROSBYTON,Puyung
813,Amble,Franciottoi,063100277,ahorros,"$ 108,467.30",3/11/2022,23/07/2018,HENRICO,Berlin
814,Booth,Heinecke,221370878,corriente,"$ 20,359.40",18/05/2021,22/01/2016,CANTON,Auas
815,Adolphus,Bristoe,053112275,corriente,"$ 53,503.02",2/01/2024,16/06/2017,HERMITAGE,Letlhakeng
816,Tate,Colwell,082901596,ahorros,"$ 88,156.83",9/03/2022,20/09/2016,WARREN,Perre
817,Yale,Bernadon,111025013,corriente,"$ 78,195.66",27/01/2023,15/02/2016,MINNEAPOLIS,Sedayulawas
818,Justino,Gashion,075900465,corriente,"$ 77,485.86",29/06/2024,4/06/2018,ST. PAUL,Zghartā
819,Sher,Frowde,231271404,ahorros,"$ 49,407.19",5/07/2023,14/04/2016,WYOMISSING,Pericik
820,Penrod,Oxlee,102103562,corriente,"$ 87,112.48",15/08/2024,8/10/2017,CALHAN,Kohila
821,Pauly,Forsdyke,111319538,corriente,"$ 95,077.76",30/09/2022,22/09/2016,QUITAQUE,Klwów
822,Elaine,Chaffyn,122217056,corriente,"$ 44,882.40",4/12/2021,8/08/2018,ENGLEWOOD CLIFFS,Kore
823,Obediah,Norewood,043300712,corriente,"$ 142,699.98",11/11/2022,10/07/2017,HERMITAGE,Baohe
824,Waverly,Kirwan,084202837,corriente,"$ 178,521.33",14/07/2021,29/06/2018,TUPELO,Coari
825,Camilla,Dansie,111300945,ahorros,"$ 101,077.36",30/08/2021,8/11/2017,HENRICO,Jiukeng
826,Chandra,Deans,271974295,ahorros,"$ 160,648.38",24/11/2021,24/08/2016,NAPERVILLE,Pļaviņas
827,Bili,Elwin,043403282,ahorros,"$ 172,907.63",23/02/2022,29/04/2017,WHEELING,Vyshneye Dolgoye
828,Pia,Phin,075902463,corriente,"$ 94,628.38",28/10/2020,17/07/2016,HARTFORD,Villa Santa Rita
829,Petronille,Alliband,101213204,corriente,"$ 61,169.41",5/07/2020,19/09/2016,BATESVILLE,Stony Plain
830,Jordanna,Heynel,074905474,corriente,"$ 204,918.63",17/04/2025,26/05/2016,BERNE,La Cueva
831,Winnie,Morgans,122234149,corriente,"$ 47,908.71",7/09/2024,28/01/2016,ONTARIO,Limonade
832,Jacquenette,Habershon,064000020,corriente,"$ 37,976.01",23/04/2020,24/03/2018,HENRICO,Al Muharraq
833,Trevar,Skains,124302257,corriente,"$ 79,131.19",4/10/2024,26/11/2018,SPOKANE,Shuiying
834,Beckie,Smalman,113008083,ahorros,"$ 36,270.31",22/03/2022,26/08/2017,SUGAR LAND,Złoty Stok
835,Dud,Wellen,122244744,ahorros,"$ 135,174.79",27/03/2023,30/12/2017,CARLSBAD,Carapicuíba
836,Emmit,Rentalll,091915133,corriente,"$ 59,358.75",9/01/2021,9/06/2017,WEST CONCORD,Concord
837,Rosmunda,Tenney,081517981,ahorros,"$ 201,416.29",13/12/2021,24/02/2018,SPRINGFIELD,Piedade
838,Rosamund,Udell,011305749,corriente,"$ 126,239.92",31/01/2020,7/11/2018,LEWISTON,Puncakmanis
839,Erie,Byfford,063114920,ahorros,"$ 67,782.28",23/05/2023,21/06/2017,STARKVILLE,Dongzhaogezhuang
840,Viviene,Caffrey,081000058,ahorros,"$ 174,369.48",2/01/2022,29/05/2017,RICHMOND,Kopychyntsi
841,Kore,Leetham,111000258,corriente,"$ 87,577.04",10/02/2020,20/04/2016,HENRICO,Altay
842,Hilly,Kleinstub,221371822,ahorros,"$ 114,948.32",23/03/2023,6/11/2016,BUFFALO,Hradec nad Moravici
843,Prisca,Germon,042215248,ahorros,"$ 162,279.98",2/07/2022,2/03/2017,CLEVELAND,Montonggamang
844,Dolorita,Moehle,121140713,ahorros,"$ 102,762.40",9/07/2021,20/09/2016,SAN DIEGO,Sirre
845,Aldus,Piwell,265070532,ahorros,"$ 103,425.23",10/10/2023,27/11/2018,NEW ORLEANS,La Cruz
846,Jenine,Mc Menamin,071921176,ahorros,"$ 50,770.43",23/01/2022,8/02/2017,NAPERVILLE,Panganiban
847,Caldwell,Orr,124001545,corriente,"$ 204,318.82",16/06/2020,28/01/2017,TAMPA,Yuanyang Zhen
848,Ardelis,Rustadge,242272188,ahorros,"$ 157,326.10",1/09/2022,24/06/2017,CINCINNATI,Wonopringgo
849,Eden,Lotwich,067016354,corriente,"$ 44,840.83",24/11/2023,26/11/2016,WAYNE,Elimäki
850,Maressa,Trinke,041202812,corriente,"$ 199,951.98",3/08/2020,14/11/2016,COLUMBUS,Ostankinskiy
851,Valeria,Caudrelier,061000078,corriente,"$ 147,156.85",29/11/2024,23/06/2017,RICHMOND,Yaguarón
852,Tobye,Yukhnini,031304720,ahorros,"$ 202,812.32",30/09/2020,13/05/2016,AMHERST,Linjiang
853,Abagael,Keyte,121140742,corriente,"$ 32,912.75",15/01/2020,28/06/2016,SAN DIEGO,Texíguat
854,Kathi,Eccersley,053202130,ahorros,"$ 74,575.88",1/11/2022,3/09/2016,WALHALLA,Judita
855,Halie,Renshell,075903763,ahorros,"$ 51,401.73",10/01/2023,24/04/2016,MARKESAN,Pangkalan
856,Diahann,Chadbourne,122201198,ahorros,"$ 106,379.40",22/04/2023,29/12/2018,SEAL BEACH,Velikiy Ustyug
857,Persis,Griffen,211370354,ahorros,"$ 139,440.46",20/10/2023,6/10/2016,LYNN,Krasnokamensk
858,Ivy,Oake,083900680,ahorros,"$ 102,524.47",12/02/2021,20/02/2016,WILSON,Dresi Wetan
859,Tim,O'Grady,102103999,ahorros,"$ 109,193.57",4/08/2021,5/08/2018,LAKEWOOD,Licupis
860,Elbert,Aymes,031307866,corriente,"$ 76,295.92",26/05/2021,29/08/2016,HERMITAGE,Omsk
861,Ravi,Durham,103104353,corriente,"$ 64,701.61",6/06/2022,26/04/2016,CARNEGIE,Ţafas
862,Waite,Martinson,101019084,ahorros,"$ 169,867.22",24/06/2023,23/07/2017,KANSAS CITY,New York City
863,Esra,Noddings,121200158,ahorros,"$ 181,541.24",21/08/2023,31/12/2017,RICHMOND,Fauske
864,Lucina,Danielsson,053112673,ahorros,"$ 112,861.87",2/07/2021,9/12/2018,OXFORD,Santa Maria da Vitória
865,Ardisj,Battersby,122106109,corriente,"$ 71,443.28",20/02/2022,18/08/2018,SCOTTSDALE,Dzyatlava
866,Berty,Curtiss,072408708,ahorros,"$ 184,156.33",13/02/2024,24/10/2016,BELDING,Zombo
867,Nyssa,Frisch,073912073,ahorros,"$ 133,782.28",6/11/2021,3/03/2018,IDA GROVE,Strängnäs
868,Joe,Greatorex,084305129,corriente,"$ 125,696.67",25/08/2021,20/11/2017,TUPELO,Sandakan
869,Arlena,Langtree,075906171,ahorros,"$ 194,216.68",12/11/2023,9/02/2017,MUKWONAGO,Candon
870,Kerrie,Dupree,063100552,ahorros,"$ 104,973.16",20/06/2025,24/10/2018,RICHMOND,Xiong’erzhai
871,Frederic,Simonetti,071108669,ahorros,"$ 82,585.29",7/05/2021,25/01/2017,SULLIVAN,Třinec
872,Sayres,Rouch,041002711,ahorros,"$ 185,756.39",9/11/2022,1/07/2017,CINCINNATI,Rimouski
873,Osbert,LaBastida,107006075,ahorros,"$ 160,376.28",19/05/2020,21/07/2017,LAKEWOOD,Lérida
874,Dwayne,O'Noulane,071001685,ahorros,"$ 48,640.45",24/05/2020,27/09/2016,ROSEMONT,Gikongoro
875,Holly,De la Harpe,111319347,ahorros,"$ 44,190.67",31/05/2020,25/09/2018,LUBBOCK,Damatou
876,Emlyn,Tutill,031315007,ahorros,"$ 16,566.59",10/09/2022,3/09/2018,WILSON,Katunayaka
877,Shauna,Braime,103112345,ahorros,"$ 14,053.15",9/04/2025,8/01/2017,FORT SMITH,Rekowo Dolne
878,Rafaellle,Meharry,121135773,corriente,"$ 121,758.28",19/07/2021,20/04/2016,SAN JOSE,Jabłonica Polska
879,Early,Clandillon,102307164,ahorros,"$ 104,422.73",20/12/2021,25/06/2017,MINNEAPOLIS,San Pedro de Atacama
880,Staffard,Castelow,073902274,ahorros,"$ 109,599.44",16/10/2023,21/08/2016,AMES,Shancheng
881,Esdras,Cutchee,101104779,corriente,"$ 100,224.62",23/09/2023,30/04/2018,COLDWATER,Buriti Bravo
882,Selby,Cusack,122240418,ahorros,"$ 177,657.35",23/11/2021,19/09/2017,ALHAMBRA,Sirinhaém
883,Trixy,MacNish,061110557,ahorros,"$ 69,860.20",10/02/2021,19/10/2018,EATONTON,Butel
884,Siegfried,Pettendrich,121181798,corriente,"$ 77,812.37",3/07/2022,31/07/2017,SAN DIEGO,Boulogne-sur-Mer
885,Lutero,Loveitt,061120178,corriente,"$ 162,465.06",13/06/2021,21/12/2017,GRAY,Tromsø
886,Thom,Dugdale,075012531,ahorros,"$ 15,446.16",9/03/2025,14/11/2016,NAPERVILLE,Neundeut
887,Maire,Yurkevich,031301053,corriente,"$ 86,965.77",5/01/2020,17/08/2016,HERMITAGE,Makur
888,Connie,Hebner,321170444,ahorros,"$ 70,874.32",11/08/2024,22/11/2017,ENGLEWOOD CLIFFS,Pergamino
889,Dewey,Bebbell,071123518,ahorros,"$ 31,433.83",12/08/2022,9/01/2016,EDINBURG,Jiulonggang
890,Conant,Nichols,086518749,corriente,"$ 72,434.09",15/08/2021,10/05/2016,TUPELO,Nueva Loja
891,Lela,Blagdon,082903837,ahorros,"$ 212,241.15",28/08/2020,19/12/2017,MAGNOLIA,Arias
892,Raphael,Giordano,072400670,corriente,"$ 70,396.02",12/11/2024,26/07/2016,CLEVELAND,Tubualá
893,Mia,Trainor,031101211,corriente,"$ 201,101.09",27/06/2023,2/01/2016,LEWES,Retkovci
894,Jarad,Harte,061211647,corriente,"$ 34,163.65",20/12/2023,29/07/2016,TALLAHASSEE,Miaoya
895,Aristotle,Gautrey,061112788,ahorros,"$ 83,798.66",15/05/2025,9/01/2018,RICHMOND,Ţāmiyah
896,Asia,Boagey,103000619,ahorros,"$ 162,531.13",6/11/2021,28/09/2017,KANSAS CITY,Gayle
897,Marta,Sterte,261170494,corriente,"$ 133,558.31",10/03/2024,3/12/2018,ZEBULON,Natu
898,Lorie,Frisby,072413298,corriente,"$ 180,608.75",5/11/2024,22/05/2017,CINCINNATI,Riachão do Jacuípe
899,Otha,Baldetti,074912603,ahorros,"$ 145,346.44",26/09/2024,9/04/2017,GREENSBURG,Broto
900,Afton,Sobczak,021207235,ahorros,"$ 57,403.64",15/07/2021,3/12/2017,WAYNE,Qixian
901,Vidovik,Ibbitson,021300640,corriente,"$ 16,050.76",20/06/2025,2/07/2017,BUFFALO,Tumen
902,Row,Sawkins,271972381,corriente,"$ 19,082.52",6/05/2023,16/12/2016,NAPERVILLE,Setro
903,Carree,Winram,065306118,corriente,"$ 125,630.71",10/10/2022,23/07/2018,BRANDON,Charlotte
904,Maureene,Gunnell,111917435,corriente,"$ 57,272.54",25/05/2023,22/03/2016,SUGAR LAND,Mīrābād
905,Gideon,Falkus,031311674,ahorros,"$ 98,160.19",5/11/2021,24/04/2017,INDIANA,Kayes
906,Jeddy,Esler,041215773,corriente,"$ 178,214.29",4/09/2021,15/06/2016,MARIETTA,Sūrān
907,Rosie,Aloway,031100089,corriente,"$ 126,192.39",4/10/2023,24/01/2016,PITTSBURGH,Bačka Topola
908,Minetta,Harridge,043310281,corriente,"$ 164,380.66",19/08/2024,5/06/2016,HERMITAGE,Alis
909,Mervin,Bilyard,071122661,ahorros,"$ 106,316.35",30/10/2021,22/03/2018,BIRMINGHAM,Saint-Ouen
910,Riobard,Maywood,011301536,ahorros,"$ 101,661.78",14/04/2025,13/04/2018,LYNN,Trmice
911,Bat,Tregale,086314367,corriente,"$ 165,764.56",3/07/2022,8/10/2018,JASPER,Daya
912,Desmund,Dixon,091401919,ahorros,"$ 211,160.19",20/11/2022,19/10/2018,ARLINGTON,Dzhiginka
913,Vic,Kovelmann,111908143,corriente,"$ 166,260.85",23/12/2023,16/03/2016,SUGAR LAND,Quxia
914,Cordula,Abelevitz,114025599,corriente,"$ 41,864.55",8/05/2025,29/08/2017,SAN ANGELO,Malabang
915,Corrinne,Jenkyn,062205937,ahorros,"$ 48,739.07",5/06/2025,21/11/2018,TUPELO,Gucheng
916,Alyssa,Gowler,075905871,ahorros,"$ 155,584.06",1/01/2021,4/01/2016,BOSCOBEL,Buriti Alegre
917,Bink,Pretsell,067003778,ahorros,"$ 121,649.31",29/09/2023,28/10/2018,CLEWISTON,Nizhnyaya Tura
918,Morris,Goldney,091014924,corriente,"$ 42,856.23",5/05/2021,31/08/2017,EDINA,Sekongkang Bawah
919,Sheff,Mowlam,124303065,corriente,"$ 179,884.43",6/12/2021,14/09/2018,HENRICO,Masebewa
920,Carol-jean,Dryburgh,123206406,ahorros,"$ 19,004.20",2/05/2023,10/11/2017,LAKEWOOD,Caijiapu
921,Christoforo,Edge,242272874,corriente,"$ 66,751.78",26/06/2024,27/02/2018,GREENSBURG,Taung
922,Adriano,Dovidian,091409487,corriente,"$ 192,243.80",25/05/2024,8/04/2016,OMAHA,Uppsala
923,Corbin,Kassman,122241132,ahorros,"$ 172,272.04",10/08/2023,23/04/2017,CARLSBAD,Wonokromo
924,Merna,McCree,102104749,corriente,"$ 103,777.89",6/04/2025,11/04/2017,KANSAS CITY,Cicurug
925,Katey,Seward,083901744,corriente,"$ 111,026.32",18/03/2023,25/09/2017,BIRMINGHAM,Szczecinek
926,Gilberto,Abry,052100893,corriente,"$ 159,939.74",18/11/2022,25/08/2018,PITTSBURGH,Xingdian
927,Joyce,Pettegre,211372077,ahorros,"$ 214,620.00",17/11/2023,22/05/2016,NEW BRITAIN,San Francisco
928,Reyna,Hultberg,113009464,corriente,"$ 146,626.50",19/03/2024,22/12/2018,SUGAR LAND,Feicheng
929,Karleen,Connerry,065505870,corriente,"$ 86,232.12",21/09/2021,7/04/2018,PICAYUNE,Beaumont
930,Dukey,Heatlie,322284892,ahorros,"$ 56,399.32",12/07/2021,19/05/2017,ST PAUL,Panolan
931,Scarlett,Digweed,091001157,ahorros,"$ 82,224.61",6/10/2020,26/03/2017,NAPERVILLE,Cikubang
932,Leda,McVane,122237654,ahorros,"$ 13,141.30",28/04/2023,17/08/2016,ONTARIO,Sishan
933,Damiano,Geraudy,022072692,ahorros,"$ 136,710.52",16/04/2020,3/09/2017,ALBANY,Libon
934,Rozina,Kidsley,072401064,ahorros,"$ 163,876.83",17/02/2021,7/11/2017,DETROIT,Soanindrariny
935,Keith,Casaroli,021207413,corriente,"$ 105,059.51",23/02/2023,26/12/2016,LEWISTON,Weihe
936,Arvie,Chant,061119464,corriente,"$ 72,215.28",16/06/2025,25/07/2018,BLAIRSVILLE,Cabra Figa
937,Florence,Rolph,101014953,ahorros,"$ 74,297.76",13/05/2023,10/09/2017,OVERLAND PARK,Sibanicú
938,Caren,Formby,011601443,ahorros,"$ 163,387.37",10/01/2023,9/07/2018,RIVERSIDE,Tysmenytsya
939,Symon,Gotter,042205038,corriente,"$ 135,000.86",10/04/2023,15/06/2016,ST. PAUL,Tall Ḩamīs
940,Danyette,Waberer,125108939,corriente,"$ 34,160.64",27/09/2021,29/04/2017,SPOKANE,Lincheng
941,Roberta,Gritsaev,231375520,corriente,"$ 19,980.92",20/03/2022,21/11/2017,AMHERST,Velké Němčice
942,Rorie,Armand,074903308,ahorros,"$ 125,126.90",19/07/2021,4/03/2016,GREENSBURG,Des Moines
943,Jonathan,Gonsalvo,251473787,ahorros,"$ 126,162.45",22/03/2025,15/12/2016,RUTHER GLEN,Santa Elena de Uairén
944,Corty,Tomik,072413751,ahorros,"$ 124,098.79",15/12/2024,8/02/2018,MIDLAND,Katrineholm
945,Salvidor,Tokell,091901561,ahorros,"$ 214,728.41",21/02/2025,3/09/2018,WASECA,Paiisa
946,Granger,Skingle,061103548,corriente,"$ 21,239.68",24/04/2023,24/02/2016,MACON,Tirapata
947,Gerti,Chue,084008853,ahorros,"$ 162,598.55",30/08/2022,5/07/2017,LAFAYETTE,Umuahia
948,Kalila,Honeyghan,075910523,corriente,"$ 158,622.14",3/07/2021,19/01/2018,NAPERVILLE,Xuxiake
949,Dolf,Ivanin,071103473,corriente,"$ 84,835.24",17/05/2024,7/12/2018,TERRE HAUTE,Lesnoy
950,Fanni,Noor,081519002,corriente,"$ 197,617.05",21/09/2023,2/11/2018,MONETT,Castellon De La Plana/Castello De La Pla
951,Leticia,Hakewell,101219059,ahorros,"$ 110,873.24",12/02/2025,1/01/2017,KANSAS CITY,Chuhuyiv
952,Braden,Bromby,031901482,ahorros,"$ 24,809.49",19/03/2024,5/08/2016,LEWISTON,Ḩadīdah
953,Lorant,Bole,241070417,ahorros,"$ 193,107.90",23/09/2024,12/02/2016,RIVERSIDE,Zilang
954,Rochette,Giller,064101589,corriente,"$ 167,106.50",4/03/2025,24/02/2017,MCMINNVILLE,Metahāra
955,Fancy,Crowter,053112686,ahorros,"$ 39,072.31",8/11/2023,21/12/2017,HERMITAGE,Formiga
956,Olva,Pimblott,104902392,corriente,"$ 120,907.20",7/11/2020,30/07/2016,WISNER,Boston
957,Hally,MacCroary,121032232,corriente,"$ 34,937.55",22/07/2023,10/01/2016,EL MONTE,Wukeshu
958,Bree,Laffranconi,111924363,ahorros,"$ 149,128.59",19/02/2025,8/05/2016,KINGFISHER,Néa Palátia
959,Anestassia,Boulds,051402589,ahorros,"$ 211,299.97",7/01/2023,19/01/2017,STRASBURG,Lapas
960,Chad,Kyttor,084008853,corriente,"$ 91,841.08",4/02/2025,9/02/2018,LAFAYETTE,Jungkat Selatan
961,Antonius,Olczak,043400036,corriente,"$ 91,885.84",29/08/2023,10/08/2017,WHEELING,Strellc i Epërm
962,Wilone,Elecum,103101372,ahorros,"$ 164,036.64",13/04/2025,5/10/2016,CHOUTEAU,Tigaon
963,Kailey,Fiddeman,111322457,corriente,"$ 177,179.53",30/06/2023,16/04/2016,HEREFORD,Nerk’in Getashen
964,Clareta,Pozzi,122240340,corriente,"$ 62,950.38",13/10/2021,9/03/2017,CARLSBAD,Toulon
965,Janene,Martel,242070791,ahorros,"$ 203,341.31",20/01/2020,28/08/2017,CINCINNATI,Okulovka
966,Janel,Lavarack,101019521,corriente,"$ 130,414.16",9/06/2022,4/04/2017,KANSAS CITY,Aguazul
967,Ruthie,Gleder,262287218,corriente,"$ 25,018.47",26/01/2020,12/01/2016,CULLMAN,Jingang
968,Berkeley,Blackston,103110428,corriente,"$ 213,098.25",30/12/2024,29/12/2017,OKEENE,Dongluqiao
969,Markus,Sings,065303069,ahorros,"$ 40,851.13",10/12/2021,14/05/2017,BELZONI,Göteborg
970,Gui,Beeson,111025084,ahorros,"$ 34,838.53",26/05/2025,25/07/2016,LOS ANGELES,Qaryūt
971,Vergil,Readhead,072414255,ahorros,"$ 45,706.65",29/10/2024,17/12/2016,MIDLAND,Cinyawar
972,Ania,Hegg,101100265,ahorros,"$ 149,843.12",23/01/2022,8/08/2017,NAPERVILLE,Bremerhaven
973,Terza,Burchess,243373222,corriente,"$ 75,369.49",13/03/2020,11/02/2016,WHEELING,Libiąż
974,Gawen,Skirrow,031901482,ahorros,"$ 211,901.52",28/07/2022,29/10/2017,LEWISTON,Wengtian
975,Weber,Beadnall,061204612,ahorros,"$ 72,717.61",5/07/2024,3/03/2016,MOULTRIE,Niebylec
976,Marcela,Corrett,082901855,corriente,"$ 57,239.35",24/09/2024,22/02/2018,PINE BLUFF,Lirang
977,Vinita,Beardsdale,121132682,corriente,"$ 171,884.12",10/03/2020,9/04/2016,EL MONTE,Neob
978,Kym,Rickaert,042103460,ahorros,"$ 107,733.49",15/05/2023,19/03/2017,GRAYSON,Alcaldedíaz
979,Tuckie,Staniland,057000697,corriente,"$ 185,564.63",26/04/2021,25/04/2016,COLUMBUS,Growong Lor
980,Berke,McKinnon,107001067,ahorros,"$ 158,505.28",17/07/2021,16/03/2016,KANSAS CITY,Truskavets
981,Chryste,Prawle,063104972,ahorros,"$ 124,600.46",24/08/2021,5/04/2018,RICHMOND,Allen
982,Marven,MacNess,061119901,corriente,"$ 164,915.66",6/08/2020,16/07/2016,BLAIRSVILLE,Mauren
983,Dore,Broadnicke,102101548,corriente,"$ 75,178.80",30/12/2022,3/05/2018,HELENA,Chengtou
984,Paulita,Mostyn,081503102,ahorros,"$ 152,279.10",29/10/2023,19/05/2018,JEFFERSON CITY,Tanlin
985,Elwira,Inglese,075906702,corriente,"$ 28,915.96",24/05/2024,9/05/2016,ROSHOLT,Proletarsk
986,Colly,Abrahamian,231372439,corriente,"$ 162,849.27",10/04/2021,3/04/2016,WILSON,Leteki
987,Rosaleen,Brade,322270262,ahorros,"$ 149,377.72",29/04/2023,21/02/2017,ENGLEWOOD CLIFFS,Perm
988,Shelbi,Paske,111300945,corriente,"$ 177,912.62",20/09/2020,2/12/2017,HENRICO,Sarandi
989,Barrie,Kondrachenko,043318814,ahorros,"$ 70,170.95",22/08/2024,25/08/2017,INDIANA,Bridel
990,Drona,Grono,084107893,ahorros,"$ 17,097.48",6/04/2020,29/11/2017,LAFAYETTE,Plaridel
991,Kristan,Shaxby,011110688,corriente,"$ 107,848.92",3/08/2020,12/01/2016,MIDDLETOWN,Ibiá
992,Phyllis,O' Hogan,323270216,corriente,"$ 115,405.33",20/02/2024,6/04/2016,PORTLAND,Karangpeton
993,Bettine,Gaitone,111912401,ahorros,"$ 104,833.55",7/01/2020,12/02/2017,SEYMOUR,Changtian
994,Lauree,Pearn,325170699,corriente,"$ 174,878.86",17/06/2021,24/11/2018,ALBANY,Ishigaki
995,Shela,Cotterel,092902404,corriente,"$ 33,795.23",26/05/2024,19/05/2018,KALISPELL,Tyresö
996,Lillis,Garthside,102000021,corriente,"$ 202,606.10",7/09/2023,26/10/2016,ST. PAUL,Progreso
997,Inge,Rickardes,041205673,corriente,"$ 15,653.79",10/08/2021,23/09/2016,COLUMBUS,Podkumskiy
998,Abey,Agirre,075910798,ahorros,"$ 102,516.30",2/03/2022,2/10/2018,NAPERVILLE,Barili
999,Ferdy,Dobinson,062205199,corriente,"$ 21,921.12",24/07/2020,7/06/2018,BIRMINGHAM,Passagem
1000,Mick,Coniam,072407000,ahorros,"$ 77,394.34",23/08/2021,16/12/2016,BELDING,Priekule
